--
-- 資料表結構 `level`
--

CREATE TABLE `level` (
  `id` int UNSIGNED NOT NULL,
  `name` varchar(50) NOT NULL
) ENGINE=InnoDB DEFAULT CHARSET=utf8mb4 COLLATE=utf8mb4_0900_ai_ci;

--
-- 傾印資料表的資料 `level`
--
-- 
INSERT INTO `level` (`id`, `name`) VALUES
(1, '新手級'),
(2, '熟手級'),
(3, '老手級'),
(4, '高手級');


--
-- 資料表索引 `level`
--
ALTER TABLE `level`
  ADD PRIMARY KEY (`id`);


--
-- 使用資料表自動遞增(AUTO_INCREMENT) `level`
--
ALTER TABLE `level`
  MODIFY `id` int UNSIGNED NOT NULL AUTO_INCREMENT, AUTO_INCREMENT=5;

-- -----------teams---------------------------------
CREATE TABLE `teams` (
    `id` BIGINT NOT NULL AUTO_INCREMENT PRIMARY KEY, -- 匹配 tmember.team_id (BIGINT)
    `name` VARCHAR(40) CHARACTER SET utf8mb4 COLLATE utf8mb4_0900_ai_ci NOT NULL UNIQUE,
    `courts_id` INT NOT NULL,   -- **關鍵修正：這裡改回 INT (有符號) 以匹配 courts.id**
    `level_id` INT UNSIGNED NOT NULL, -- 保持 INT UNSIGNED 以匹配 level.id
    `member_count` INT NOT NULL DEFAULT '0',
    `created_at` TIMESTAMP NULL DEFAULT CURRENT_TIMESTAMP,

    CONSTRAINT `fk_teams_courts` FOREIGN KEY (`courts_id`) REFERENCES `courts`(`id`)
        ON DELETE RESTRICT ON UPDATE CASCADE,
    CONSTRAINT `fk_teams_levels` FOREIGN KEY (`level_id`) REFERENCES `level`(`id`)
        ON DELETE RESTRICT ON UPDATE CASCADE
) ENGINE=InnoDB DEFAULT CHARSET=utf8mb4 COLLATE=utf8mb4_0900_ai_ci;

--
-- 傾印資料表的資料 `teams`
--

INSERT INTO `teams` (`id`, `name`, `courts_id`, `level_id`, `member_count`, `created_at`) VALUES
(1, '籃不住熱情', 10, 1, 6, '2025-05-16 01:37:10'),
(2, '羽你同行', 10, 3, 6, '2025-05-21 12:25:24'),
(3, '足夠精彩', 6, 1, 6, '2025-05-21 08:15:03'),
(4, '桌爾不凡', 2, 1, 6, '2025-05-19 17:37:11'),
(5, '飛毛腿隊', 9, 2, 6, '2025-05-17 14:52:25'),
(6, '無所不能', 7, 4, 6, '2025-05-22 01:28:28'),
(7, '冠軍製造', 5, 3, 6, '2025-05-18 12:14:09'),
(8, '排山倒海', 4, 1, 6, '2025-05-19 18:43:11'),
(9, '絕殺時刻', 10, 2, 6, '2025-05-20 06:17:14'),
(10, '硬漢組', 8, 4, 6, '2025-05-17 21:49:54'),
(11, '夢想藍圖', 3, 2, 6, '2025-05-22 13:04:45'),
(12, '棒棒糖隊', 3, 2, 6, '2025-05-21 01:58:37'),
(13, '攻城獅', 6, 1, 6, '2025-05-18 12:14:52'),
(14, '不敗神話', 5, 2, 6, '2025-05-17 03:48:47'),
(15, '閃電突擊', 3, 4, 6, '2025-05-17 20:58:32'),
(16, '泳往直前', 9, 3, 6, '2025-05-20 07:24:26'),
(17, '鋼鐵之軀', 5, 3, 6, '2025-05-19 05:54:57'),
(18, '箭在弦上', 9, 4, 6, '2025-05-21 15:40:13'),
(19, '宇宙無敵', 7, 3, 6, '2025-05-23 07:59:10'),
(20, '閃耀之星', 6, 2, 6, '2025-05-17 00:40:05'),
(21, '臥虎藏龍', 9, 4, 6, '2025-05-21 03:45:51'),
(22, '鐵人三項', 1, 1, 6, '2025-05-18 07:56:39'),
(23, '猛虎隊', 9, 4, 6, '2025-05-20 09:21:08'),
(24, '超級瑪莉', 10, 1, 6, '2025-05-22 19:14:13'),
(25, '乘風破浪', 8, 1, 6, '2025-05-15 17:29:37'),
(26, '球球大作戰', 4, 4, 6, '2025-05-17 16:12:04'),
(27, 'Team Alpha', 1, 1, 6, '2025-05-21 06:30:00'),
(28, '閃電風暴', 1, 4, 6, '2025-05-19 11:18:29'),
(29, 'Elite Crew', 5, 1, 6, '2025-05-18 22:09:46'),
(30, '跑跑人', 5, 2, 6, '2025-05-20 05:30:07'),
(31, '風火輪隊', 2, 3, 6, '2025-05-21 09:50:18'),
(32, '夢幻隊伍', 2, 2, 6, '2025-05-23 03:57:41'),
(33, '網羅高手', 3, 2, 6, '2025-05-19 13:50:31'),
(34, '勢不可擋', 5, 1, 6, '2025-05-19 18:12:36'),
(35, '勝利公式', 8, 3, 6, '2025-05-17 13:16:53'),
(36, '巔峰戰隊', 3, 4, 7, '2025-05-23 07:21:49'),
(37, '揮汗如雨', 2, 3, 7, '2025-05-21 20:52:20'),
(38, '絕對零度', 8, 2, 7, '2025-05-16 17:47:39'),
(39, '疾風勁草', 8, 1, 7, '2025-05-19 04:36:02'),
(40, '衝鋒陷陣', 5, 3, 7, '2025-05-23 08:11:54'),
(41, '黑馬崛起', 2, 3, 7, '2025-05-20 18:51:35'),
(42, '熱血戰士', 8, 4, 7, '2025-05-18 10:06:07'),
(43, '紅色彗星', 6, 2, 7, '2025-05-17 03:50:14'),
(44, '金色傳奇', 10, 1, 7, '2025-05-21 09:44:18'),
(45, '銀河戰艦', 9, 2, 7, '2025-05-22 02:29:52'),
(46, '雷霆萬鈞', 7, 1, 7, '2025-05-21 23:53:23'),
(47, '疾速風暴', 6, 1, 7, '2025-05-18 16:14:12'),
(48, '烈火雄心', 1, 4, 7, '2025-05-18 14:48:14'),
(49, '滿級玩家', 1, 3, 7, '2025-05-16 12:53:36'),
(50, '神之領域', 1, 4, 7, '2025-05-23 12:04:00'),
(51, '終極對決', 5, 3, 7, '2025-05-16 22:21:12'),
(52, '陽光戰隊', 3, 4, 7, '2025-05-16 03:43:59'),
(53, '月亮代表', 4, 3, 7, '2025-05-20 03:29:02'),
(54, '星際穿越', 1, 3, 7, '2025-05-20 22:45:57'),
(55, '銀翼殺手', 6, 4, 7, '2025-05-20 05:08:06'),
(56, '綠巨人', 10, 2, 7, '2025-05-15 23:16:41'),
(57, '足球小將', 10, 4, 7, '2025-05-18 18:23:18'),
(58, '奧特軍團', 7, 2, 7, '2025-05-23 12:00:46'),
(59, '精靈寶可夢', 1, 4, 7, '2025-05-19 10:17:29'),
(60, '超級賽亞', 5, 2, 7, '2025-05-20 00:55:39'),
(61, '灌籃高手', 6, 4, 7, '2025-05-18 22:25:55'),
(62, '排球少年', 6, 4, 7, '2025-05-18 03:18:44'),
(63, '網球王子', 5, 4, 7, '2025-05-23 05:10:05'),
(64, '飆速宅男', 4, 1, 7, '2025-05-22 22:11:02'),
(65, '勝利V隊', 10, 2, 7, '2025-05-20 10:10:44'),
(66, '全力以赴', 9, 1, 7, '2025-05-17 02:05:15'),
(67, 'Top Guns', 10, 2, 7, '2025-05-22 05:48:50'),
(68, '永不放棄', 9, 1, 7, '2025-05-22 08:35:45'),
(69, '堅持到底', 7, 3, 7, '2025-05-18 07:43:07'),
(70, '挑戰極限', 9, 1, 7, '2025-05-17 20:44:52'),
(71, '超越自我', 10, 1, 7, '2025-05-23 10:45:05'),
(72, '團結力量', 10, 3, 7, '2025-05-22 03:07:00'),
(73, '最佳拍檔', 3, 1, 7, '2025-05-22 19:20:48'),
(74, '默契十足', 8, 4, 7, '2025-05-21 13:58:23'),
(75, '旗開得勝', 3, 4, 7, '2025-05-21 20:22:26'),
(76, 'Cheers Squad', 7, 1, 7, '2025-05-16 10:23:33'),
(77, 'Goal Getters', 10, 2, 7, '2025-05-17 18:04:19'),
(78, 'Victory Vipers', 2, 4, 8, '2025-05-23 11:48:35'),
(79, 'Speed Demons', 6, 3, 8, '2025-05-20 13:55:31'),
(80, 'Power Surge', 6, 1, 8, '2025-05-22 02:20:55'),
(81, 'Elite Eight', 1, 1, 8, '2025-05-17 14:09:59'),
(82, 'Dream Team', 10, 4, 8, '2025-05-15 17:08:21'),
(83, '不負眾望', 6, 3, 8, '2025-05-23 11:49:12'),
(84, 'Game Changers', 1, 1, 8, '2025-05-17 03:11:40'),
(85, 'Net Ninjas', 1, 1, 8, '2025-05-22 07:17:08'),
(86, 'Court Kings', 5, 3, 8, '2025-05-23 12:15:12'),
(87, 'Field Falcons', 3, 3, 8, '2025-05-21 15:56:22'),
(88, 'Ace Attackers', 2, 2, 8, '2025-05-23 12:17:13'),
(89, 'Slam Dunkers', 5, 4, 8, '2025-05-20 06:34:59'),
(90, 'Goal Diggers', 9, 1, 8, '2025-05-21 06:35:48'),
(91, 'Ball Busters', 8, 3, 8, '2025-05-16 20:14:32'),
(92, 'Run DMC', 5, 3, 8, '2025-05-22 04:15:36'),
(93, 'Net Gains', 9, 3, 8, '2025-05-20 04:00:26'),
(94, 'The Usual Suspects', 9, 1, 8, '2025-05-22 10:54:16'),
(95, '飛鷹隊', 7, 2, 8, '2025-05-22 09:41:47'),
(96, '戰狼隊', 1, 1, 8, '2025-05-17 05:16:21'),
(97, '龍捲風暴', 6, 3, 8, '2025-05-16 13:59:20'),
(98, '藍色閃電', 8, 3, 8, '2025-05-19 10:29:21'),
(99, '火力全開', 5, 3, 8, '2025-05-20 16:18:34'),
(100, '宇宙超人', 7, 1, 8, '2025-05-22 04:24:36'),
(101, '籃球魂', 4, 1, 8, '2025-05-19 22:48:58'),
(102, '羽球之巔', 8, 1, 8, '2025-05-18 23:59:37'),
(103, '足球狂人', 4, 1, 8, '2025-05-19 05:35:32');

-- --------------------------tmember-----------------------------------

CREATE TABLE `tmember` (
    `id` INT NOT NULL AUTO_INCREMENT PRIMARY KEY,
    `members_id` BIGINT NOT NULL,
    `team_id` BIGINT NOT NULL,

    CONSTRAINT `uk_tmember_team_member` UNIQUE (`team_id`, `members_id`),
    CONSTRAINT `fk_tmember_members` FOREIGN KEY (`members_id`) REFERENCES `members`(`id`)
        ON DELETE CASCADE ON UPDATE CASCADE,
    CONSTRAINT `fk_tmember_teams` FOREIGN KEY (`team_id`) REFERENCES `teams`(`id`)
        ON DELETE CASCADE ON UPDATE CASCADE
) ENGINE=InnoDB DEFAULT CHARSET=utf8mb4 COLLATE=utf8mb4_0900_ai_ci;

-- 插入資料
-- 注意：在外鍵約束下，這裡的 members_id 和 team_id 必須在對應的 members 和 teams 表中存在。
INSERT INTO `tmember` (`id`, `members_id`, `team_id`) VALUES
(2, 476, 1),
(5, 566, 1),
(3, 570, 1),
(4, 683, 1),
(1, 694, 1),
(6, 896, 1),
(10, 53, 2),
(12, 181, 2),
(9, 633, 2),
(7, 922, 2),
(8, 923, 2),
(11, 947, 2),
(18, 22, 3),
(14, 195, 3),
(17, 289, 3),
(13, 403, 3),
(16, 599, 3),
(15, 779, 3),
(22, 96, 4),
(23, 193, 4),
(21, 268, 4),
(24, 283, 4),
(20, 298, 4),
(19, 813, 4),
(30, 37, 5),
(26, 179, 5),
(28, 413, 5),
(25, 583, 5),
(27, 659, 5),
(29, 835, 5),
(32, 15, 6),
(31, 196, 6),
(36, 209, 6),
(35, 642, 6),
(33, 743, 6),
(34, 995, 6),
(38, 43, 7),
(39, 269, 7),
(42, 388, 7),
(41, 618, 7),
(40, 890, 7),
(37, 895, 7),
(43, 117, 8),
(44, 359, 8),
(46, 395, 8),
(45, 491, 8),
(48, 685, 8),
(47, 991, 8),
(54, 2, 9),
(52, 103, 9),
(51, 172, 9),
(50, 346, 9),
(53, 554, 9),
(49, 731, 9),
(55, 296, 10),
(56, 340, 10),
(58, 358, 10),
(59, 482, 10),
(57, 898, 10),
(60, 918, 10),
(64, 211, 11),
(66, 428, 11),
(62, 515, 11),
(65, 716, 11),
(63, 873, 11),
(61, 920, 11),
(71, 104, 12),
(69, 265, 12),
(67, 520, 12),
(72, 662, 12),
(70, 902, 12),
(68, 928, 12),
(76, 97, 13),
(73, 171, 13),
(78, 321, 13),
(74, 646, 13),
(77, 870, 13),
(75, 893, 13),
(83, 31, 14),
(82, 282, 14),
(80, 644, 14),
(81, 715, 14),
(84, 720, 14),
(79, 927, 14),
(86, 290, 15),
(90, 381, 15),
(89, 392, 15),
(88, 477, 15),
(87, 519, 15),
(85, 564, 15),
(91, 121, 16),
(93, 315, 16),
(94, 344, 16),
(96, 354, 16),
(95, 404, 16),
(92, 867, 16),
(97, 217, 17),
(99, 661, 17),
(101, 773, 17),
(98, 880, 17),
(102, 886, 17),
(100, 998, 17),
(106, 91, 18),
(107, 133, 18),
(108, 142, 18),
(105, 466, 18),
(104, 513, 18),
(103, 572, 18),
(109, 99, 19),
(112, 367, 19),
(111, 370, 19),
(110, 465, 19),
(113, 489, 19),
(114, 745, 19),
(120, 118, 20),
(115, 250, 20),
(118, 328, 20),
(116, 533, 20),
(117, 548, 20),
(119, 988, 20),
(125, 407, 21),
(126, 507, 21),
(123, 597, 21),
(122, 692, 21),
(124, 811, 21),
(121, 912, 21),
(127, 223, 22),
(128, 362, 22),
(131, 761, 22),
(132, 780, 22),
(130, 848, 22),
(129, 921, 22),
(135, 61, 23),
(136, 144, 23),
(138, 440, 23),
(134, 606, 23),
(133, 741, 23),
(137, 860, 23),
(144, 136, 24),
(139, 343, 24),
(140, 409, 24),
(142, 549, 24),
(143, 785, 24),
(141, 901, 24),
(149, 147, 25),
(147, 177, 25),
(145, 390, 25),
(148, 539, 25),
(150, 590, 25),
(146, 945, 25),
(151, 238, 26),
(154, 516, 26),
(156, 541, 26),
(153, 558, 26),
(155, 900, 26),
(152, 975, 26),
(157, 313, 27),
(159, 355, 27),
(158, 498, 27),
(160, 668, 27),
(162, 737, 27),
(161, 917, 27),
(163, 17, 28),
(168, 218, 28),
(164, 259, 28),
(166, 272, 28),
(167, 615, 28),
(165, 725, 28),
(172, 360, 29),
(170, 511, 29),
(171, 547, 29),
(173, 643, 29),
(174, 658, 29),
(169, 819, 29),
(176, 191, 30),
(179, 334, 30),
(177, 492, 30),
(175, 588, 30),
(180, 717, 30),
(178, 865, 30),
(185, 304, 31),
(184, 423, 31),
(181, 427, 31),
(183, 636, 31),
(182, 701, 31),
(186, 845, 31),
(192, 180, 32),
(190, 385, 32),
(189, 439, 32),
(191, 612, 32),
(188, 791, 32),
(187, 957, 32),
(193, 75, 33),
(197, 100, 33),
(198, 302, 33),
(196, 706, 33),
(195, 960, 33),
(194, 982, 33),
(199, 155, 34),
(202, 213, 34),
(203, 364, 34),
(204, 417, 34),
(200, 726, 34),
(201, 919, 34),
(206, 63, 35),
(205, 192, 35),
(210, 336, 35),
(208, 765, 35),
(209, 908, 35),
(207, 966, 35),
(214, 42, 36),
(215, 114, 36),
(213, 267, 36),
(217, 611, 36),
(212, 822, 36),
(211, 839, 36),
(216, 985, 36),
(221, 187, 37),
(222, 330, 37),
(219, 389, 37),
(224, 394, 37),
(218, 418, 37),
(220, 429, 37),
(223, 852, 37),
(225, 112, 38),
(226, 161, 38),
(227, 348, 38),
(231, 431, 38),
(230, 522, 38),
(228, 690, 38),
(229, 863, 38),
(233, 170, 39),
(232, 446, 39),
(237, 501, 39),
(236, 523, 39),
(235, 740, 39),
(238, 770, 39),
(234, 983, 39),
(239, 23, 40),
(245, 44, 40),
(242, 77, 40),
(243, 481, 40),
(240, 531, 40),
(244, 803, 40),
(241, 969, 40),
(249, 247, 41),
(247, 293, 41),
(251, 317, 41),
(248, 393, 41),
(250, 751, 41),
(252, 882, 41),
(246, 932, 41),
(253, 382, 42),
(254, 414, 42),
(255, 632, 42),
(258, 686, 42),
(257, 800, 42),
(259, 832, 42),
(256, 924, 42),
(262, 105, 43),
(264, 165, 43),
(261, 294, 43),
(260, 308, 43),
(266, 442, 43),
(265, 546, 43),
(263, 608, 43),
(269, 230, 44),
(270, 434, 44),
(271, 467, 44),
(268, 552, 44),
(267, 759, 44),
(273, 771, 44),
(272, 855, 44),
(275, 18, 45),
(276, 182, 45),
(277, 443, 45),
(279, 521, 45),
(278, 526, 45),
(280, 699, 45),
(274, 746, 45),
(287, 16, 46),
(283, 19, 46),
(284, 691, 46),
(281, 700, 46),
(282, 833, 46),
(286, 857, 46),
(285, 915, 46),
(293, 135, 47),
(289, 353, 47),
(290, 505, 47),
(288, 543, 47),
(292, 602, 47),
(294, 667, 47),
(291, 689, 47),
(295, 123, 48),
(299, 462, 48),
(296, 617, 48),
(300, 747, 48),
(297, 768, 48),
(298, 859, 48),
(301, 881, 48),
(302, 119, 49),
(303, 130, 49),
(308, 197, 49),
(306, 444, 49),
(307, 670, 49),
(305, 707, 49),
(304, 837, 49),
(310, 33, 50),
(314, 287, 50),
(315, 411, 50),
(311, 469, 50),
(313, 738, 50),
(309, 971, 50),
(312, 996, 50),
(319, 134, 51),
(316, 261, 51),
(320, 345, 51),
(321, 374, 51),
(317, 782, 51),
(318, 794, 51),
(322, 938, 51),
(325, 40, 52),
(328, 183, 52),
(327, 186, 52),
(329, 721, 52),
(324, 766, 52),
(326, 939, 52),
(323, 972, 52),
(331, 10, 53),
(335, 245, 53),
(334, 591, 53),
(330, 629, 53),
(333, 653, 53),
(332, 790, 53),
(336, 801, 53),
(338, 122, 54),
(341, 291, 54),
(340, 396, 54),
(343, 406, 54),
(337, 437, 54),
(342, 681, 54),
(339, 735, 54),
(349, 84, 55),
(350, 109, 55),
(346, 463, 55),
(347, 517, 55),
(345, 581, 55),
(348, 734, 55),
(344, 755, 55),
(353, 82, 56),
(357, 184, 56),
(356, 322, 56),
(354, 366, 56),
(351, 733, 56),
(355, 788, 56),
(352, 836, 56),
(361, 88, 57),
(363, 460, 57),
(360, 587, 57),
(358, 598, 57),
(362, 711, 57),
(364, 727, 57),
(359, 903, 57),
(367, 50, 58),
(368, 60, 58),
(369, 276, 58),
(366, 339, 58),
(365, 452, 58),
(371, 647, 58),
(370, 754, 58),
(376, 24, 59),
(372, 79, 59),
(375, 162, 59),
(378, 215, 59),
(373, 324, 59),
(374, 447, 59),
(377, 672, 59),
(380, 85, 60),
(383, 108, 60),
(384, 158, 60),
(385, 256, 60),
(379, 311, 60),
(382, 342, 60),
(381, 978, 60),
(389, 203, 61),
(386, 357, 61),
(392, 537, 61),
(390, 574, 61),
(391, 592, 61),
(387, 622, 61),
(388, 866, 61),
(397, 379, 62),
(398, 419, 62),
(394, 455, 62),
(395, 500, 62),
(399, 674, 62),
(396, 812, 62),
(393, 843, 62),
(405, 255, 63),
(403, 326, 63),
(402, 397, 63),
(401, 435, 63),
(400, 461, 63),
(406, 485, 63),
(404, 551, 63),
(411, 201, 64),
(409, 206, 64),
(410, 274, 64),
(407, 438, 64),
(408, 473, 64),
(413, 665, 64),
(412, 806, 64),
(419, 449, 65),
(418, 457, 65),
(414, 540, 65),
(416, 649, 65),
(420, 675, 65),
(417, 823, 65),
(415, 989, 65),
(421, 361, 66),
(422, 534, 66),
(426, 736, 66),
(424, 808, 66),
(423, 821, 66),
(427, 891, 66),
(425, 936, 66),
(429, 425, 67),
(433, 506, 67),
(430, 697, 67),
(428, 887, 67),
(432, 899, 67),
(434, 949, 67),
(431, 984, 67),
(436, 78, 68),
(440, 146, 68),
(435, 241, 68),
(437, 433, 68),
(439, 562, 68),
(438, 652, 68),
(441, 964, 68),
(448, 28, 69),
(446, 56, 69),
(445, 233, 69),
(447, 309, 69),
(444, 600, 69),
(443, 749, 69),
(442, 809, 69),
(449, 350, 70),
(452, 480, 70),
(454, 559, 70),
(450, 657, 70),
(451, 722, 70),
(453, 760, 70),
(455, 784, 70),
(461, 422, 71),
(460, 487, 71),
(459, 542, 71),
(457, 576, 71),
(456, 582, 71),
(458, 709, 71),
(462, 856, 71),
(465, 6, 72),
(466, 125, 72),
(463, 260, 72),
(468, 288, 72),
(469, 363, 72),
(464, 474, 72),
(467, 937, 72),
(471, 21, 73),
(472, 157, 73),
(475, 593, 73),
(476, 610, 73),
(473, 695, 73),
(470, 798, 73),
(474, 951, 73),
(483, 239, 74),
(481, 325, 74),
(480, 338, 74),
(478, 451, 74),
(482, 648, 74),
(479, 817, 74),
(477, 858, 74),
(488, 9, 75),
(484, 194, 75),
(490, 270, 75),
(487, 386, 75),
(485, 458, 75),
(486, 616, 75),
(489, 963, 75),
(497, 41, 76),
(491, 89, 76),
(493, 252, 76),
(492, 525, 76),
(496, 529, 76),
(494, 567, 76),
(495, 944, 76),
(500, 4, 77),
(503, 167, 77),
(504, 620, 77),
(498, 654, 77),
(499, 703, 77),
(501, 774, 77),
(502, 789, 77),
(510, 39, 78),
(512, 98, 78),
(506, 299, 78),
(507, 373, 78),
(505, 426, 78),
(508, 497, 78),
(511, 589, 78),
(509, 778, 78),
(516, 48, 79),
(515, 220, 79),
(517, 264, 79),
(513, 316, 79),
(520, 623, 79),
(514, 666, 79),
(518, 799, 79),
(519, 841, 79),
(523, 58, 80),
(526, 65, 80),
(525, 71, 80),
(524, 94, 80),
(528, 273, 80),
(527, 400, 80),
(522, 673, 80),
(521, 929, 80),
(533, 3, 81),
(536, 169, 81),
(535, 281, 81),
(530, 494, 81),
(531, 536, 81),
(529, 575, 81),
(532, 645, 81),
(534, 810, 81),
(537, 80, 82),
(540, 129, 82),
(538, 204, 82),
(541, 504, 82),
(544, 561, 82),
(539, 625, 82),
(543, 637, 82),
(542, 877, 82),
(545, 329, 83),
(552, 445, 83),
(547, 450, 83),
(546, 571, 83),
(551, 688, 83),
(550, 750, 83),
(548, 775, 83),
(549, 853, 83),
(555, 106, 84),
(558, 110, 84),
(554, 401, 84),
(556, 732, 84),
(560, 758, 84),
(557, 930, 84),
(553, 954, 84),
(559, 965, 84),
(568, 286, 85),
(567, 399, 85),
(566, 464, 85),
(563, 509, 85),
(565, 634, 85),
(564, 802, 85),
(562, 872, 85),
(561, 970, 85),
(575, 47, 86),
(572, 327, 86),
(573, 459, 86),
(574, 468, 86),
(569, 777, 86),
(570, 911, 86),
(576, 914, 86),
(571, 999, 86),
(578, 76, 87),
(577, 127, 87),
(580, 284, 87),
(584, 368, 87),
(581, 420, 87),
(582, 669, 87),
(579, 714, 87),
(583, 976, 87),
(590, 68, 88),
(585, 248, 88),
(587, 280, 88),
(592, 307, 88),
(588, 320, 88),
(591, 378, 88),
(589, 508, 88),
(586, 718, 88),
(597, 86, 89),
(596, 168, 89),
(595, 202, 89),
(600, 532, 89),
(593, 545, 89),
(598, 628, 89),
(599, 677, 89),
(594, 772, 89),
(603, 7, 90),
(607, 163, 90),
(601, 240, 90),
(608, 356, 90),
(605, 563, 90),
(606, 604, 90),
(602, 950, 90),
(604, 981, 90),
(610, 297, 91),
(611, 372, 91),
(612, 412, 91),
(609, 844, 91),
(616, 851, 91),
(614, 862, 91),
(613, 948, 91),
(615, 953, 91),
(619, 102, 92),
(623, 352, 92),
(618, 436, 92),
(622, 586, 92),
(621, 826, 92),
(620, 875, 92),
(617, 916, 92),
(624, 961, 92),
(631, 226, 93),
(632, 242, 93),
(627, 607, 93),
(626, 676, 93),
(625, 684, 93),
(629, 781, 93),
(630, 814, 93),
(628, 958, 93),
(634, 5, 94),
(633, 46, 94),
(638, 188, 94),
(635, 190, 94),
(636, 231, 94),
(640, 333, 94),
(639, 619, 94),
(637, 974, 94),
(647, 153, 95),
(646, 375, 95),
(644, 380, 95),
(641, 432, 95),
(642, 664, 95),
(643, 795, 95),
(648, 906, 95),
(645, 931, 95),
(655, 81, 96),
(650, 164, 96),
(651, 176, 96),
(653, 236, 96),
(654, 237, 96),
(649, 300, 96),
(652, 448, 96),
(656, 847, 96),
(662, 12, 97),
(659, 20, 97),
(658, 310, 97),
(660, 347, 97),
(664, 621, 97),
(657, 631, 97),
(661, 696, 97),
(663, 910, 97),
(665, 11, 98),
(672, 371, 98),
(666, 424, 98),
(671, 496, 98),
(670, 555, 98),
(668, 573, 98),
(667, 596, 98),
(669, 868, 98),
(677, 160, 99),
(679, 208, 99),
(675, 228, 99),
(676, 285, 99),
(673, 398, 99),
(680, 402, 99),
(674, 712, 99),
(678, 913, 99),
(682, 138, 100),
(681, 152, 100),
(687, 185, 100),
(683, 205, 100),
(686, 383, 100),
(685, 544, 100),
(688, 627, 100),
(684, 885, 100),
(691, 200, 101),
(693, 235, 101),
(694, 301, 101),
(695, 478, 101),
(689, 518, 101),
(692, 585, 101),
(696, 702, 101),
(690, 820, 101),
(702, 253, 102),
(701, 263, 102),
(704, 332, 102),
(697, 430, 102),
(699, 719, 102),
(703, 764, 102),
(700, 874, 102),
(698, 926, 102),
(711, 59, 103),
(705, 124, 103),
(710, 453, 103),
(706, 483, 103),
(712, 603, 103),
(707, 708, 103),
(708, 713, 103),
(709, 943, 103);

-- ---------------------------------------------------------------------------------------------

-- 專長表單
CREATE TABLE specialties (
    specialty_id INT NOT NULL AUTO_INCREMENT PRIMARY KEY,
    specialty_name VARCHAR(50) NOT NULL
);
INSERT INTO specialties (specialty_name) VALUES
('瑜珈'),
('皮拉提斯'),
('有氧舞蹈'),
('TRX懸吊訓練'),
('韻律教室課程'),
('健身訓練'),
('舞蹈'),
('拳擊'),
('跆拳道'),
('空手道'),
('柔道'),
('劍道'),
('太極'),
('兒童體操'),
('兒童遊戲');
-- 教練表單
CREATE TABLE coaches (
    coach_id INT NOT NULL AUTO_INCREMENT PRIMARY KEY,
    coachname_id VARCHAR(50) NOT NULL,
    specialty INT NOT NULL,
    email VARCHAR(100) NOT NULL,
    phone VARCHAR(50) NOT NULL,
    bio VARCHAR(200) NOT NULL,
    
    FOREIGN KEY (specialty) REFERENCES specialties(specialty_id)
    );


INSERT INTO coaches (coachname_id, specialty, email, phone, bio) VALUES
('劉勝志',11, 'user1@fitclub.com', '0912-345-678', '專精於重量訓練，擁有超過10年經驗。'),
('黃嘉瑩', 1, 'user2@fitclub.com', '0987-654-321', '瑜伽教學專家，注重身心平衡與呼吸調節。'),
('李志強', 3, 'user3@fitclub.com', '0933-112-233', '專業CrossFit教練，強調功能性訓練。'),
('張雅涵', 2, 'user4@fitclub.com', '0955-443-322', 'Pilates訓練師，擅長核心與姿勢矯正。'),
('林建宏', 11, 'user5@fitclub.com', '0966-778-899', '健美比賽選手背景，專長於肌肉雕塑。'),
('黃子芸', 5, 'user6@fitclub.com', '0922-334-455', '熱愛心肺訓練，協助學員提升耐力。'),
('周欣怡', 5, 'user7@fitclub.com', '0977-221-100', '專注於功能性與運動表現訓練。'),
('呂冠廷',6, 'user8@fitclub.com', '0938-888-123', '結合舞蹈與健身，讓運動更有趣。'),
('蔡依婷', 9, 'user9@fitclub.com', '0980-111-222', '武術背景，注重身體協調與反應力。'),
('蘇俊傑', 11, 'user10@fitclub.com', '0911-223-344', '專長於運動傷害復健與功能性訓練。'),
('吳宇軒', 5, 'user11@fitclub.com', '0952-846-677', '專注於功能性與運動表現訓練。'),
('陳怡君', 2, 'user12@fitclub.com', '0977-144-591', '武術背景，注重身體協調與反應力。'),
('謝冠廷', 1, 'user13@fitclub.com', '0942-577-630', '專長於運動傷害復健與功能性訓練。'),
('蘇語彤', 5, 'user14@fitclub.com', '0983-411-775', '熱愛心肺訓練，協助學員提升耐力。'),
('林子芸', 11, 'user15@fitclub.com', '0954-705-378', 'Pilates訓練師，擅長核心與姿勢矯正。'),
('劉欣怡', 3, 'user16@fitclub.com', '0980-937-827', '專精於重量訓練，擁有超過10年經驗。'),
('劉怡君', 8, 'user17@fitclub.com', '0986-698-684', 'Pilates訓練師，擅長核心與姿勢矯正。'),
('謝偉翔', 2, 'user18@fitclub.com', '0973-830-853', 'Pilates訓練師，擅長核心與姿勢矯正。'),
('呂品妤', 7, 'user19@fitclub.com', '0962-788-114', '瑜伽教學專家，注重身心平衡與呼吸調節。'),
('張品妤', 11, 'user20@fitclub.com', '0984-929-701', '專長於運動傷害復健與功能性訓練。'),
('李柏霖', 10, 'user21@fitclub.com', '0919-126-295', '健美比賽選手背景，專長於肌肉雕塑。'),
('劉怡君', 2, 'user22@fitclub.com', '0994-400-479', '專長於運動傷害復健與功能性訓練。'),
('蔡柏霖', 10, 'user23@fitclub.com', '0932-171-597', 'Pilates訓練師，擅長核心與姿勢矯正。'),
('陳宇軒', 6, 'user24@fitclub.com', '0971-225-300', '熱愛心肺訓練，協助學員提升耐力。'),
('王冠廷', 3, 'user25@fitclub.com', '0956-249-716', '熱愛心肺訓練，協助學員提升耐力。'),
('林怡君', 9, 'user26@fitclub.com', '0943-443-212', 'Pilates訓練師，擅長核心與姿勢矯正。'),
('謝俊傑', 9, 'user27@fitclub.com', '0952-284-926', '瑜伽教學專家，注重身心平衡與呼吸調節。'),
('劉品妤', 3, 'user28@fitclub.com', '0956-319-335', '專精於重量訓練，擁有超過10年經驗。'),
('王嘉瑩', 2, 'user29@fitclub.com', '0920-295-188', 'Pilates訓練師，擅長核心與姿勢矯正。'),
('王雅涵', 6, 'user30@fitclub.com', '0914-345-890', '專長於運動傷害復健與功能性訓練。'),
('李俊傑', 7, 'user31@fitclub.com', '0970-157-477', '熱愛心肺訓練，協助學員提升耐力。'),
('蘇怡君', 10, 'user32@fitclub.com', '0945-181-272', '專業CrossFit教練，強調功能性訓練。'),
('王品妤', 10, 'user33@fitclub.com', '0935-250-321', '結合舞蹈與健身，讓運動更有趣。'),
('劉子芸', 10, 'user34@fitclub.com', '0990-965-915', '瑜伽教學專家，注重身心平衡與呼吸調節。'),
('吳欣怡', 4, 'user35@fitclub.com', '0970-825-812', '瑜伽教學專家，注重身心平衡與呼吸調節。'),
('周語彤', 5, 'user36@fitclub.com', '0933-225-428', 'Pilates訓練師，擅長核心與姿勢矯正。'),
('周俊傑', 11, 'user37@fitclub.com', '0991-643-503', '專長於運動傷害復健與功能性訓練。'),
('吳依婷', 3, 'user38@fitclub.com', '0943-761-953', '武術背景，注重身體協調與反應力。'),
('謝怡君', 3, 'user39@fitclub.com', '0974-951-745', '武術背景，注重身體協調與反應力。'),
('王子芸', 9, 'user40@fitclub.com', '0992-840-412', '專精於重量訓練，擁有超過10年經驗。'),
('黃宇軒', 1, 'user41@fitclub.com', '0987-536-867', '專精於重量訓練，擁有超過10年經驗。'),
('楊冠廷', 8, 'user42@fitclub.com', '0948-839-860', '瑜伽教學專家，注重身心平衡與呼吸調節。'),
('王勝志', 6, 'user43@fitclub.com', '0998-716-522', '專注於功能性與運動表現訓練。'),
('蘇勝志', 4, 'user44@fitclub.com', '0977-641-166', '健美比賽選手背景，專長於肌肉雕塑。'),
('蔡勝志', 3, 'user45@fitclub.com', '0928-985-992', '健美比賽選手背景，專長於肌肉雕塑。'),
('黃柏霖', 1, 'user46@fitclub.com', '0946-955-424', '專長於運動傷害復健與功能性訓練。'),
('王勝志', 9, 'user47@fitclub.com', '0988-927-187', '瑜伽教學專家，注重身心平衡與呼吸調節。'),
('楊欣怡', 9, 'user48@fitclub.com', '0954-234-460', '結合舞蹈與健身，讓運動更有趣。'),
('張依婷', 2, 'user49@fitclub.com', '0987-329-671', '武術背景，注重身體協調與反應力。'),
('王依婷', 10, 'user50@fitclub.com', '0957-129-427', '武術背景，注重身體協調與反應力。'),
('呂宇軒', 11, 'user51@fitclub.com', '0933-589-568', '專注於功能性與運動表現訓練。'),
('王俊傑', 3, 'user52@fitclub.com', '0923-871-388', '專精於重量訓練，擁有超過10年經驗。'),
('李子芸', 11, 'user53@fitclub.com', '0912-809-379', '熱愛心肺訓練，協助學員提升耐力。'),
('陳嘉瑩', 4, 'user54@fitclub.com', '0948-910-358', '結合舞蹈與健身，讓運動更有趣。'),
('謝宇軒', 6, 'user55@fitclub.com', '0943-127-546', '專注於功能性與運動表現訓練。'),
('林俊傑', 2, 'user56@fitclub.com', '0959-753-950', '熱愛心肺訓練，協助學員提升耐力。'),
('楊偉翔', 1, 'user57@fitclub.com', '0929-282-177', '瑜伽教學專家，注重身心平衡與呼吸調節。'),
('蘇嘉瑩', 6, 'user58@fitclub.com', '0982-506-940', '熱愛心肺訓練，協助學員提升耐力。'),
('謝志強', 8, 'user59@fitclub.com', '0994-118-970', '專注於功能性與運動表現訓練。'),
('劉志強', 10, 'user60@fitclub.com', '0997-523-782', '專精於重量訓練，擁有超過10年經驗。'),
('呂宇軒', 1, 'user61@fitclub.com', '0922-779-128', '結合舞蹈與健身，讓運動更有趣。'),
('蔡嘉瑩', 6, 'user62@fitclub.com', '0996-458-909', '健美比賽選手背景，專長於肌肉雕塑。'),
('蘇語彤', 5, 'user63@fitclub.com', '0991-157-764', '武術背景，注重身體協調與反應力。'),
('謝嘉瑩', 5, 'user64@fitclub.com', '0930-690-170', '熱愛心肺訓練，協助學員提升耐力。'),
('周勝志', 11, 'user65@fitclub.com', '0986-679-151', 'Pilates訓練師，擅長核心與姿勢矯正。'),
('周子芸', 3, 'user66@fitclub.com', '0927-169-790', '熱愛心肺訓練，協助學員提升耐力。'),
('謝怡君', 4, 'user67@fitclub.com', '0911-462-188', '武術背景，注重身體協調與反應力。'),
('楊嘉瑩', 7, 'user68@fitclub.com', '0923-702-454', '瑜伽教學專家，注重身心平衡與呼吸調節。'),
('林柏霖', 8, 'user69@fitclub.com', '0968-268-328', '專精於重量訓練，擁有超過10年經驗。'),
('楊雅涵', 11, 'user70@fitclub.com', '0993-419-629', 'Pilates訓練師，擅長核心與姿勢矯正。'),
('蔡冠廷', 5, 'user71@fitclub.com', '0921-488-545', '熱愛心肺訓練，協助學員提升耐力。'),
('呂俊傑', 1, 'user72@fitclub.com', '0932-703-511', 'Pilates訓練師，擅長核心與姿勢矯正。'),
('王勝志', 11, 'user73@fitclub.com', '0934-311-687', '專精於重量訓練，擁有超過10年經驗。'),
('鄭子芸', 7, 'user74@fitclub.com', '0927-587-670', '武術背景，注重身體協調與反應力。'),
('蘇宇軒', 1, 'user75@fitclub.com', '0916-265-535', '瑜伽教學專家，注重身心平衡與呼吸調節。'),
('呂品妤', 9, 'user76@fitclub.com', '0997-905-897', 'Pilates訓練師，擅長核心與姿勢矯正。'),
('黃嘉瑩', 3, 'user77@fitclub.com', '0933-987-827', '武術背景，注重身體協調與反應力。'),
('蘇俊傑', 7, 'user78@fitclub.com', '0943-112-931', '結合舞蹈與健身，讓運動更有趣。'),
('劉冠廷', 4, 'user79@fitclub.com', '0982-692-407', '專注於功能性與運動表現訓練。'),
('楊偉翔', 2, 'user80@fitclub.com', '0990-970-466', '結合舞蹈與健身，讓運動更有趣。'),
('楊依婷', 10, 'user81@fitclub.com', '0936-804-779', '結合舞蹈與健身，讓運動更有趣。'),
('陳子芸', 10, 'user82@fitclub.com', '0955-136-313', '結合舞蹈與健身，讓運動更有趣。'),
('王志強', 8, 'user83@fitclub.com', '0923-171-724', '熱愛心肺訓練，協助學員提升耐力。'),
('王怡君', 2, 'user84@fitclub.com', '0991-989-479', '專注於功能性與運動表現訓練。'),
('黃勝志', 9, 'user85@fitclub.com', '0958-365-689', '瑜伽教學專家，注重身心平衡與呼吸調節。'),
('呂品妤', 11, 'user86@fitclub.com', '0995-773-919', '結合舞蹈與健身，讓運動更有趣。'),
('王品妤', 11, 'user87@fitclub.com', '0929-705-466', '專注於功能性與運動表現訓練。'),
('蔡怡君', 7, 'user88@fitclub.com', '0924-469-317', '結合舞蹈與健身，讓運動更有趣。'),
('劉偉翔', 10, 'user89@fitclub.com', '0964-283-254', '專業CrossFit教練，強調功能性訓練。'),
('黃偉翔', 9, 'user90@fitclub.com', '0951-294-569', '專精於重量訓練，擁有超過10年經驗。'),
('蔡雅涵', 2, 'user91@fitclub.com', '0925-773-905', '武術背景，注重身體協調與反應力。'),
('鄭冠廷', 6, 'user92@fitclub.com', '0987-781-419', '健美比賽選手背景，專長於肌肉雕塑。'),
('黃宇軒', 2, 'user93@fitclub.com', '0972-593-850', '健美比賽選手背景，專長於肌肉雕塑。'),
('黃怡君', 7, 'user94@fitclub.com', '0911-964-209', '專業CrossFit教練，強調功能性訓練。'),
('謝雅涵', 11, 'user95@fitclub.com', '0910-520-555', '專業CrossFit教練，強調功能性訓練。'),
('陳冠廷', 1, 'user96@fitclub.com', '0962-354-219', '專業CrossFit教練，強調功能性訓練。'),
('鄭偉翔', 11, 'user97@fitclub.com', '0965-181-815', '瑜伽教學專家，注重身心平衡與呼吸調節。'),
('劉雅涵', 7, 'user98@fitclub.com', '0991-719-237', '專業CrossFit教練，強調功能性訓練。'),
('王志強', 9, 'user99@fitclub.com', '0919-428-873', '專長於運動傷害復健與功能性訓練。'),
('王欣怡', 5, 'user100@fitclub.com', '0966-667-583', '專精於重量訓練，擁有超過10年經驗。'),
('王品妤', 4, 'user101@fitclub.com', '0920-511-602', '健美比賽選手背景，專長於肌肉雕塑。'),
('周柏霖', 1, 'user102@fitclub.com', '0954-110-666', '結合舞蹈與健身，讓運動更有趣。'),
('黃品妤', 4, 'user103@fitclub.com', '0934-461-677', 'Pilates訓練師，擅長核心與姿勢矯正。'),
('楊欣怡', 1, 'user104@fitclub.com', '0939-951-831', '專業CrossFit教練，強調功能性訓練。'),
('李怡君', 9, 'user105@fitclub.com', '0942-137-778', '專精於重量訓練，擁有超過10年經驗。'),
('張宇軒', 5, 'user106@fitclub.com', '0974-395-120', '瑜伽教學專家，注重身心平衡與呼吸調節。'),
('蘇勝志', 7, 'user107@fitclub.com', '0958-154-250', '專注於功能性與運動表現訓練。'),
('周怡君', 1, 'user108@fitclub.com', '0918-473-477', '專業CrossFit教練，強調功能性訓練。'),
('劉怡君', 11, 'user109@fitclub.com', '0923-985-398', '武術背景，注重身體協調與反應力。'),
('李冠廷', 10, 'user110@fitclub.com', '0999-191-963', '專業CrossFit教練，強調功能性訓練。'),
('鄭柏霖', 2, 'user111@fitclub.com', '0935-250-693', '健美比賽選手背景，專長於肌肉雕塑。'),
('周欣怡', 5, 'user112@fitclub.com', '0994-315-498', '瑜伽教學專家，注重身心平衡與呼吸調節。'),
('黃志強', 11, 'user113@fitclub.com', '0946-520-136', '專長於運動傷害復健與功能性訓練。'),
('張柏霖', 3, 'user114@fitclub.com', '0992-396-529', '專長於運動傷害復健與功能性訓練。'),
('謝勝志', 8, 'user115@fitclub.com', '0949-995-534', '專業CrossFit教練，強調功能性訓練。'),
('蘇怡君', 11, 'user116@fitclub.com', '0974-214-832', '熱愛心肺訓練，協助學員提升耐力。'),
('蔡語彤', 3, 'user117@fitclub.com', '0957-949-302', '結合舞蹈與健身，讓運動更有趣。'),
('黃偉翔', 8, 'user118@fitclub.com', '0986-339-308', '專長於運動傷害復健與功能性訓練。'),
('鄭偉翔', 7, 'user119@fitclub.com', '0922-854-906', '武術背景，注重身體協調與反應力。'),
('周品妤', 6, 'user120@fitclub.com', '0997-446-214', '熱愛心肺訓練，協助學員提升耐力。'),
('呂欣怡', 6, 'user121@fitclub.com', '0918-995-248', '武術背景，注重身體協調與反應力。'),
('楊柏霖', 4, 'user122@fitclub.com', '0981-650-255', 'Pilates訓練師，擅長核心與姿勢矯正。'),
('陳嘉瑩', 2, 'user123@fitclub.com', '0957-631-190', '結合舞蹈與健身，讓運動更有趣。'),
('呂冠廷', 9, 'user124@fitclub.com', '0930-843-359', '專注於功能性與運動表現訓練。'),
('黃嘉瑩', 7, 'user125@fitclub.com', '0940-991-466', '專長於運動傷害復健與功能性訓練。'),
('蔡俊傑', 9, 'user126@fitclub.com', '0987-854-605', '專注於功能性與運動表現訓練。'),
('黃語彤', 3, 'user127@fitclub.com', '0961-408-282', '瑜伽教學專家，注重身心平衡與呼吸調節。'),
('謝俊傑', 1, 'user128@fitclub.com', '0916-617-841', '專注於功能性與運動表現訓練。'),
('王品妤', 4, 'user129@fitclub.com', '0952-579-340', '專長於運動傷害復健與功能性訓練。'),
('蘇嘉瑩', 9, 'user130@fitclub.com', '0987-584-164', '專精於重量訓練，擁有超過10年經驗。'),
('蘇俊傑', 11, 'user131@fitclub.com', '0916-318-621', '熱愛心肺訓練，協助學員提升耐力。'),
('謝依婷', 2, 'user132@fitclub.com', '0916-196-972', '瑜伽教學專家，注重身心平衡與呼吸調節。'),
('黃雅涵', 6, 'user133@fitclub.com', '0953-744-475', '結合舞蹈與健身，讓運動更有趣。'),
('張勝志', 11, 'user134@fitclub.com', '0931-310-268', '專業CrossFit教練，強調功能性訓練。'),
('陳語彤', 10, 'user135@fitclub.com', '0932-371-940', '武術背景，注重身體協調與反應力。'),
('張勝志', 4, 'user136@fitclub.com', '0910-581-903', '熱愛心肺訓練，協助學員提升耐力。'),
('謝偉翔', 4, 'user137@fitclub.com', '0993-527-483', '結合舞蹈與健身，讓運動更有趣。'),
('蘇雅涵', 9, 'user138@fitclub.com', '0979-288-285', '武術背景，注重身體協調與反應力。'),
('李雅涵', 8, 'user139@fitclub.com', '0953-972-870', '健美比賽選手背景，專長於肌肉雕塑。'),
('李品妤', 6, 'user140@fitclub.com', '0967-630-367', 'Pilates訓練師，擅長核心與姿勢矯正。'),
('劉偉翔', 7, 'user141@fitclub.com', '0964-164-635', '專精於重量訓練，擁有超過10年經驗。'),
('王雅涵', 6, 'user142@fitclub.com', '0938-474-482', '結合舞蹈與健身，讓運動更有趣。'),
('李語彤', 2, 'user143@fitclub.com', '0992-572-781', 'Pilates訓練師，擅長核心與姿勢矯正。'),
('呂柏霖', 10, 'user144@fitclub.com', '0942-631-971', '專長於運動傷害復健與功能性訓練。'),
('李品妤', 9, 'user145@fitclub.com', '0966-298-432', '專業CrossFit教練，強調功能性訓練。'),
('楊俊傑', 3, 'user146@fitclub.com', '0954-405-131', '武術背景，注重身體協調與反應力。'),
('呂品妤', 10, 'user147@fitclub.com', '0916-801-737', '健美比賽選手背景，專長於肌肉雕塑。'),
('李冠廷', 7, 'user148@fitclub.com', '0971-950-464', '健美比賽選手背景，專長於肌肉雕塑。'),
('蘇怡君', 3, 'user149@fitclub.com', '0951-105-842', '武術背景，注重身體協調與反應力。'),
('楊宇軒', 1, 'user150@fitclub.com', '0976-735-815', 'Pilates訓練師，擅長核心與姿勢矯正。'),
('楊宇軒', 3, 'user151@fitclub.com', '0945-137-720', '瑜伽教學專家，注重身心平衡與呼吸調節。'),
('謝子芸', 7, 'user152@fitclub.com', '0964-389-571', '結合舞蹈與健身，讓運動更有趣。'),
('吳宇軒', 5, 'user153@fitclub.com', '0922-109-340', '專精於重量訓練，擁有超過10年經驗。'),
('楊欣怡', 11, 'user154@fitclub.com', '0980-344-368', '瑜伽教學專家，注重身心平衡與呼吸調節。'),
('呂俊傑', 10, 'user155@fitclub.com', '0993-974-230', '健美比賽選手背景，專長於肌肉雕塑。'),
('楊勝志', 10, 'user156@fitclub.com', '0919-827-642', '結合舞蹈與健身，讓運動更有趣。'),
('楊柏霖', 4, 'user157@fitclub.com', '0964-718-196', 'Pilates訓練師，擅長核心與姿勢矯正。'),
('林勝志', 11, 'user158@fitclub.com', '0964-365-909', '武術背景，注重身體協調與反應力。'),
('劉品妤', 1, 'user159@fitclub.com', '0960-809-480', 'Pilates訓練師，擅長核心與姿勢矯正。'),
('呂雅涵', 8, 'user160@fitclub.com', '0945-405-261', '健美比賽選手背景，專長於肌肉雕塑。'),
('黃欣怡', 8, 'user161@fitclub.com', '0951-775-292', '武術背景，注重身體協調與反應力。'),
('蘇偉翔', 7, 'user162@fitclub.com', '0957-961-625', '專精於重量訓練，擁有超過10年經驗。'),
('吳雅涵', 4, 'user163@fitclub.com', '0932-834-977', '專長於運動傷害復健與功能性訓練。'),
('吳冠廷', 7, 'user164@fitclub.com', '0933-830-481', '健美比賽選手背景，專長於肌肉雕塑。'),
('蔡宇軒', 7, 'user165@fitclub.com', '0988-441-505', '結合舞蹈與健身，讓運動更有趣。'),
('陳依婷', 5, 'user166@fitclub.com', '0924-287-677', '專注於功能性與運動表現訓練。'),
('周語彤', 2, 'user167@fitclub.com', '0980-154-735', '專長於運動傷害復健與功能性訓練。'),
('吳雅涵', 10, 'user168@fitclub.com', '0938-589-220', '瑜伽教學專家，注重身心平衡與呼吸調節。'),
('李宇軒', 7, 'user169@fitclub.com', '0985-814-309', '專業CrossFit教練，強調功能性訓練。'),
('鄭偉翔', 9, 'user170@fitclub.com', '0936-360-451', 'Pilates訓練師，擅長核心與姿勢矯正。'),
('劉依婷', 6, 'user171@fitclub.com', '0971-154-132', '武術背景，注重身體協調與反應力。'),
('呂嘉瑩', 5, 'user172@fitclub.com', '0963-228-911', '熱愛心肺訓練，協助學員提升耐力。'),
('蘇語彤', 4, 'user173@fitclub.com', '0989-138-354', '專精於重量訓練，擁有超過10年經驗。'),
('王子芸', 7, 'user174@fitclub.com', '0938-283-862', '熱愛心肺訓練，協助學員提升耐力。'),
('李俊傑', 3, 'user175@fitclub.com', '0915-270-820', '熱愛心肺訓練，協助學員提升耐力。'),
('鄭語彤', 2, 'user176@fitclub.com', '0933-895-676', '健美比賽選手背景，專長於肌肉雕塑。'),
('張品妤', 3, 'user177@fitclub.com', '0979-464-138', '健美比賽選手背景，專長於肌肉雕塑。'),
('蔡宇軒', 9, 'user178@fitclub.com', '0911-614-586', '專業CrossFit教練，強調功能性訓練。'),
('呂嘉瑩', 6, 'user179@fitclub.com', '0946-713-312', '結合舞蹈與健身，讓運動更有趣。'),
('蔡偉翔', 5, 'user180@fitclub.com', '0933-966-159', '熱愛心肺訓練，協助學員提升耐力。'),
('劉俊傑', 10, 'user181@fitclub.com', '0929-702-219', '結合舞蹈與健身，讓運動更有趣。'),
('鄭子芸', 10, 'user182@fitclub.com', '0956-239-560', '專精於重量訓練，擁有超過10年經驗。'),
('張冠廷', 8, 'user183@fitclub.com', '0913-832-603', '專精於重量訓練，擁有超過10年經驗。'),
('劉宇軒', 4, 'user184@fitclub.com', '0923-597-904', '專業CrossFit教練，強調功能性訓練。'),
('蔡志強', 5, 'user185@fitclub.com', '0979-217-117', 'Pilates訓練師，擅長核心與姿勢矯正。'),
('呂品妤', 3, 'user186@fitclub.com', '0910-581-815', '健美比賽選手背景，專長於肌肉雕塑。'),
('周怡君', 2, 'user187@fitclub.com', '0917-188-964', '結合舞蹈與健身，讓運動更有趣。'),
('楊宇軒', 11, 'user188@fitclub.com', '0983-487-966', '專精於重量訓練，擁有超過10年經驗。'),
('林怡君', 7, 'user189@fitclub.com', '0974-721-231', '結合舞蹈與健身，讓運動更有趣。'),
('劉俊傑', 8, 'user190@fitclub.com', '0920-236-452', '專業CrossFit教練，強調功能性訓練。'),
('林子芸', 7, 'user191@fitclub.com', '0988-152-530', '專業CrossFit教練，強調功能性訓練。'),
('鄭嘉瑩', 8, 'user192@fitclub.com', '0974-600-484', '專注於功能性與運動表現訓練。'),
('黃雅涵', 9, 'user193@fitclub.com', '0932-395-532', '專長於運動傷害復健與功能性訓練。'),
('黃品妤', 1, 'user194@fitclub.com', '0910-808-933', '專注於功能性與運動表現訓練。'),
('張偉翔', 8, 'user195@fitclub.com', '0981-202-389', '瑜伽教學專家，注重身心平衡與呼吸調節。'),
('呂志強', 1, 'user196@fitclub.com', '0946-817-873', '瑜伽教學專家，注重身心平衡與呼吸調節。'),
('鄭子芸', 11, 'user197@fitclub.com', '0943-748-814', '武術背景，注重身體協調與反應力。'),
('王怡君', 8, 'user198@fitclub.com', '0935-973-158', '結合舞蹈與健身，讓運動更有趣。'),
('吳怡君', 7, 'user199@fitclub.com', '0917-569-739', '專業CrossFit教練，強調功能性訓練。'),
('李品妤', 2, 'user200@fitclub.com', '0942-580-651', '武術背景，注重身體協調與反應力。'),
('劉嘉瑩', 10, 'user201@fitclub.com', '0958-981-258', 'Pilates訓練師，擅長核心與姿勢矯正。'),
('張偉翔', 8, 'user202@fitclub.com', '0998-102-440', '專業CrossFit教練，強調功能性訓練。'),
('李嘉瑩', 11, 'user203@fitclub.com', '0926-645-894', '專注於功能性與運動表現訓練。'),
('謝品妤', 5, 'user204@fitclub.com', '0937-921-526', '瑜伽教學專家，注重身心平衡與呼吸調節。'),
('張嘉瑩', 1, 'user205@fitclub.com', '0927-912-394', '熱愛心肺訓練，協助學員提升耐力。'),
('鄭依婷', 8, 'user206@fitclub.com', '0931-947-229', '瑜伽教學專家，注重身心平衡與呼吸調節。'),
('劉雅涵', 11, 'user207@fitclub.com', '0960-816-234', '熱愛心肺訓練，協助學員提升耐力。'),
('楊柏霖', 4, 'user208@fitclub.com', '0927-310-786', '瑜伽教學專家，注重身心平衡與呼吸調節。'),
('陳子芸', 1, 'user209@fitclub.com', '0981-453-361', '熱愛心肺訓練，協助學員提升耐力。'),
('吳志強', 3, 'user210@fitclub.com', '0915-389-953', '專精於重量訓練，擁有超過10年經驗。');

-- 課程表單
CREATE TABLE classes (
    class_id INT NOT NULL AUTO_INCREMENT PRIMARY KEY,
    classname_id VARCHAR(50) NOT NULL,
    introduction TEXT NOT NULL
);
INSERT INTO classes (classname_id, introduction)VALUES
('瑜珈', '透過呼吸與體位法提升柔軟度與專注力，適合各年齡層。'),
('皮拉提斯', '強化核心肌群與姿勢調整，改善體態與身體穩定性。'),
('有氧舞蹈', '結合音樂與動作，提升心肺功能與燃脂效果。'),
('TRX懸吊訓練', '利用懸吊裝置進行全身訓練，增強穩定與肌耐力。'),
('韻律教室課程', '節奏感十足的訓練，提升協調性與肌力。'),
('健身訓練', '全面性體能提升，結合重訓、有氧與爆發力訓練。'),
('舞蹈', '展現肢體律動與表演美感，增強身心靈連結。'),
('拳擊', '訓練反應與體能，釋放壓力與增強自我防衛能力。'),
('跆拳道', '培養紀律與爆發力，強化下肢肌群與平衡。'),
('空手道', '注重技術與精神修練，提升自信與防身能力。'),
('柔道', '透過投技與受身訓練，提升柔韌性與控制力。'),
('劍道', '結合武道精神與動作美學，培養專注與反應。'),
('太極', '柔中帶剛的養生功法，適合調節氣血與身心平衡。'),
('兒童體操', '針對兒童發展設計，提升柔軟性與基本動作技能。'),
('兒童遊戲', '藉由遊戲激發潛能，促進社交與身體協調。');
-- 課程場次表單
CREATE TABLE sessions (
    session_id INT NOT NULL AUTO_INCREMENT PRIMARY KEY,
    course_id INT NOT NULL,
    courts_id INT NOT NULL,
    coach_id INT NOT NULL,
    sessions_date VARCHAR(50) NOT NULL,
    sessions_time VARCHAR(50) NOT NULL,
    price INT NOT NULL,
    max_capacity INT NOT NULL,
    FOREIGN KEY (course_id) REFERENCES classes(class_id),
    FOREIGN KEY (coach_id) REFERENCES coaches(coach_id),
    FOREIGN KEY (courts_id) REFERENCES courts(id)
);
INSERT INTO sessions (course_id ,courts_id,coach_id ,sessions_date, sessions_time, price, max_capacity) VALUES 
(12, 2, 16, '2025-06-01', '13:00:00', 1200, 10),
(12, 2, 16, '2025-06-01', '13:00:00', 1200, 10),
(5, 2, 8, '2025-06-02', '09:00:00', 1200, 10),
(8, 10, 2, '2025-06-03', '15:00:00', 1200, 25),
(1, 6, 10, '2025-06-04', '18:00:00', 1200, 20),
(1, 9, 16, '2025-06-05', '13:00:00', 800, 20),
(12, 3, 5, '2025-06-06', '18:00:00', 800, 15),
(13, 5, 14, '2025-06-07', '15:00:00', 1200, 10),
(10, 3, 6, '2025-06-08', '18:00:00', 1200, 30),
(1, 7, 16, '2025-06-09', '13:00:00', 1200, 10),
(11, 6, 7, '2025-06-10', '15:00:00', 500, 25),
(15, 7, 2, '2025-06-11', '15:00:00', 500, 25),
(3, 1, 13, '2025-06-12', '15:00:00', 800, 15),
(6, 8, 11, '2025-06-13', '15:00:00', 800, 10),
(6, 2, 3, '2025-06-14', '09:00:00', 1200, 20),
(10, 9, 11, '2025-06-15', '09:00:00', 1000, 15),
(7, 1, 10, '2025-06-16', '13:00:00', 1000, 20),
(12, 7, 19, '2025-06-17', '13:00:00', 1000, 10),
(4, 3, 7, '2025-06-18', '13:00:00', 1200, 15),
(9, 7, 10, '2025-06-19', '13:00:00', 500, 30),
(12, 5, 20, '2025-06-20', '15:00:00', 1200, 25),
(5, 5, 7, '2025-06-21', '15:00:00', 800, 10),
(2, 3, 12, '2025-06-22', '15:00:00', 1000, 10),
(7, 10, 6, '2025-06-23', '09:00:00', 500, 25),
(5, 6, 3, '2025-06-24', '09:00:00', 800, 20),
(2, 4, 9, '2025-06-25', '18:00:00', 1200, 15),
(3, 10, 1, '2025-06-26', '09:00:00', 1000, 30),
(9, 8, 14, '2025-06-27', '15:00:00', 1200, 15),
(4, 2, 1, '2025-06-28', '15:00:00', 800, 20),
(2, 1, 1, '2025-06-29', '15:00:00', 1000, 20),
(3, 2, 16, '2025-06-30', '13:00:00', 1000, 10),
(6, 9, 8, '2025-07-01', '13:00:00', 800, 20),
(11, 8, 19, '2025-07-02', '15:00:00', 800, 15),
(8, 1, 18, '2025-07-03', '15:00:00', 500, 20),
(4, 6, 8, '2025-07-04', '15:00:00', 800, 10),
(9, 4, 18, '2025-07-05', '18:00:00', 500, 30),
(8, 7, 1, '2025-07-06', '09:00:00', 1200, 10),
(7, 6, 15, '2025-07-07', '13:00:00', 1000, 15),
(9, 4, 13, '2025-07-08', '18:00:00', 1200, 25),
(3, 9, 16, '2025-07-09', '13:00:00', 1000, 25),
(6, 2, 17, '2025-07-10', '18:00:00', 1200, 30),
(11, 5, 17, '2025-07-11', '09:00:00', 1200, 15),
(9, 7, 15, '2025-07-12', '13:00:00', 800, 10),
(4, 9, 12, '2025-07-13', '15:00:00', 800, 20),
(7, 6, 13, '2025-07-14', '09:00:00', 1200, 25),
(10, 4, 2, '2025-07-15', '13:00:00', 500, 25),
(3, 6, 14, '2025-07-16', '13:00:00', 800, 25),
(7, 2, 17, '2025-07-17', '18:00:00', 1200, 25),
(4, 9, 2, '2025-07-18', '09:00:00', 1200, 20),
(10, 7, 13, '2025-07-19', '09:00:00', 500, 30),
(10, 10, 4, '2025-07-20', '18:00:00', 1000, 20),
(12, 2, 16, '2025-06-01', '13:00:00', 1200, 10),
(12, 2, 16, '2025-06-01', '13:00:00', 1200, 10),
(5, 2, 8, '2025-06-02', '09:00:00', 1200, 10),
(8, 10, 2, '2025-06-03', '15:00:00', 1200, 25),
(1, 6, 10, '2025-06-04', '18:00:00', 1200, 20),
(1, 9, 16, '2025-06-05', '13:00:00', 800, 20),
(12, 3, 5, '2025-06-06', '18:00:00', 800, 15),
(13, 5, 14, '2025-06-07', '15:00:00', 1200, 10),
(10, 3, 6, '2025-06-08', '18:00:00', 1200, 30),
(1, 7, 16, '2025-06-09', '13:00:00', 1200, 10),
(11, 6, 7, '2025-06-10', '15:00:00', 500, 25),
(15, 7, 2, '2025-06-11', '15:00:00', 500, 25),
(3, 1, 13, '2025-06-12', '15:00:00', 800, 15),
(6, 8, 11, '2025-06-13', '15:00:00', 800, 10),
(6, 2, 3, '2025-06-14', '09:00:00', 1200, 20),
(10, 9, 11, '2025-06-15', '09:00:00', 1000, 15),
(7, 1, 10, '2025-06-16', '13:00:00', 1000, 20),
(12, 7, 19, '2025-06-17', '13:00:00', 1000, 10),
(4, 3, 7, '2025-06-18', '13:00:00', 1200, 15),
(9, 7, 10, '2025-06-19', '13:00:00', 500, 30),
(12, 5, 20, '2025-06-20', '15:00:00', 1200, 25),
(5, 5, 7, '2025-06-21', '15:00:00', 800, 10),
(2, 3, 12, '2025-06-22', '15:00:00', 1000, 10),
(7, 10, 6, '2025-06-23', '09:00:00', 500, 25),
(5, 6, 3, '2025-06-24', '09:00:00', 800, 20),
(2, 4, 9, '2025-06-25', '18:00:00', 1200, 15),
(3, 10, 1, '2025-06-26', '09:00:00', 1000, 30),
(9, 8, 14, '2025-06-27', '15:00:00', 1200, 15),
(4, 2, 1, '2025-06-28', '15:00:00', 800, 20),
(2, 1, 1, '2025-06-29', '15:00:00', 1000, 20),
(3, 2, 16, '2025-06-30', '13:00:00', 1000, 10),
(6, 9, 8, '2025-07-01', '13:00:00', 800, 20),
(11, 8, 19, '2025-07-02', '15:00:00', 800, 15),
(8, 1, 18, '2025-07-03', '15:00:00', 500, 20),
(4, 6, 8, '2025-07-04', '15:00:00', 800, 10),
(9, 4, 18, '2025-07-05', '18:00:00', 500, 30),
(8, 7, 1, '2025-07-06', '09:00:00', 1200, 10),
(7, 6, 15, '2025-07-07', '13:00:00', 1000, 15),
(9, 4, 13, '2025-07-08', '18:00:00', 1200, 25),
(3, 9, 16, '2025-07-09', '13:00:00', 1000, 25),
(6, 2, 17, '2025-07-10', '18:00:00', 1200, 30),
(11, 5, 17, '2025-07-11', '09:00:00', 1200, 15),
(9, 7, 15, '2025-07-12', '13:00:00', 800, 10),
(4, 9, 12, '2025-07-13', '15:00:00', 800, 20),
(7, 6, 13, '2025-07-14', '09:00:00', 1200, 25),
(10, 4, 2, '2025-07-15', '13:00:00', 500, 25),
(3, 6, 14, '2025-07-16', '13:00:00', 800, 25),
(7, 2, 17, '2025-07-17', '18:00:00', 1200, 25),
(4, 9, 2, '2025-07-18', '09:00:00', 1200, 20),
(10, 7, 13, '2025-07-19', '09:00:00', 500, 30),
(10, 10, 4, '2025-07-20', '18:00:00', 1000, 20),
(12, 2, 16, '2025-06-01', '13:00:00', 1200, 10),
(12, 2, 16, '2025-06-01', '13:00:00', 1200, 10),
(5, 2, 8, '2025-06-02', '09:00:00', 1200, 10),
(8, 10, 2, '2025-06-03', '15:00:00', 1200, 25),
(1, 6, 10, '2025-06-04', '18:00:00', 1200, 20),
(1, 9, 16, '2025-06-05', '13:00:00', 800, 20),
(12, 3, 5, '2025-06-06', '18:00:00', 800, 15),
(13, 5, 14, '2025-06-07', '15:00:00', 1200, 10),
(10, 3, 6, '2025-06-08', '18:00:00', 1200, 30),
(1, 7, 16, '2025-06-09', '13:00:00', 1200, 10),
(11, 6, 7, '2025-06-10', '15:00:00', 500, 25),
(15, 7, 2, '2025-06-11', '15:00:00', 500, 25),
(3, 1, 13, '2025-06-12', '15:00:00', 800, 15),
(6, 8, 11, '2025-06-13', '15:00:00', 800, 10),
(6, 2, 3, '2025-06-14', '09:00:00', 1200, 20),
(10, 9, 11, '2025-06-15', '09:00:00', 1000, 15),
(7, 1, 10, '2025-06-16', '13:00:00', 1000, 20),
(12, 7, 19, '2025-06-17', '13:00:00', 1000, 10),
(4, 3, 7, '2025-06-18', '13:00:00', 1200, 15),
(9, 7, 10, '2025-06-19', '13:00:00', 500, 30),
(12, 5, 20, '2025-06-20', '15:00:00', 1200, 25),
(5, 5, 7, '2025-06-21', '15:00:00', 800, 10),
(2, 3, 12, '2025-06-22', '15:00:00', 1000, 10),
(7, 10, 6, '2025-06-23', '09:00:00', 500, 25),
(5, 6, 3, '2025-06-24', '09:00:00', 800, 20),
(2, 4, 9, '2025-06-25', '18:00:00', 1200, 15),
(3, 10, 1, '2025-06-26', '09:00:00', 1000, 30),
(9, 8, 14, '2025-06-27', '15:00:00', 1200, 15),
(4, 2, 1, '2025-06-28', '15:00:00', 800, 20),
(2, 1, 1, '2025-06-29', '15:00:00', 1000, 20),
(3, 2, 16, '2025-06-30', '13:00:00', 1000, 10),
(6, 9, 8, '2025-07-01', '13:00:00', 800, 20),
(11, 8, 19, '2025-07-02', '15:00:00', 800, 15),
(8, 1, 18, '2025-07-03', '15:00:00', 500, 20),
(4, 6, 8, '2025-07-04', '15:00:00', 800, 10),
(9, 4, 18, '2025-07-05', '18:00:00', 500, 30),
(8, 7, 1, '2025-07-06', '09:00:00', 1200, 10),
(7, 6, 15, '2025-07-07', '13:00:00', 1000, 15),
(9, 4, 13, '2025-07-08', '18:00:00', 1200, 25),
(3, 9, 16, '2025-07-09', '13:00:00', 1000, 25),
(6, 2, 17, '2025-07-10', '18:00:00', 1200, 30),
(11, 5, 17, '2025-07-11', '09:00:00', 1200, 15),
(9, 7, 15, '2025-07-12', '13:00:00', 800, 10),
(4, 9, 12, '2025-07-13', '15:00:00', 800, 20),
(7, 6, 13, '2025-07-14', '09:00:00', 1200, 25),
(10, 4, 2, '2025-07-15', '13:00:00', 500, 25),
(3, 6, 14, '2025-07-16', '13:00:00', 800, 25),
(7, 2, 17, '2025-07-17', '18:00:00', 1200, 25),
(4, 9, 2, '2025-07-18', '09:00:00', 1200, 20),
(10, 7, 13, '2025-07-19', '09:00:00', 500, 30),
(10, 10, 4, '2025-07-20', '18:00:00', 1000, 20);

-- 預約狀況
CREATE TABLE booking_status (
  booking_status_id INT NOT NULL PRIMARY KEY,
  status_name VARCHAR(20) NOT NULL
);
INSERT INTO booking_status (booking_status_id, status_name) VALUES
(0, '未付款'),
(1, '已付款'),
(2, '取消');


CREATE TABLE booking (
  booking_id INT NOT NULL AUTO_INCREMENT PRIMARY KEY,
  member_id BIGINT NOT NULL,
  session_id INT NOT NULL,
  booking_status_id INT NOT NULL,
  price INT NOT NULL,
  create_time DATETIME DEFAULT CURRENT_TIMESTAMP,
  FOREIGN KEY (member_id) REFERENCES members(id),
  FOREIGN KEY (session_id) REFERENCES sessions(session_id),
  FOREIGN KEY (booking_status_id) REFERENCES booking_status(booking_status_id)
);
INSERT INTO booking (member_id, session_id, price, booking_status_id, create_time)
VALUES
(1, 18, 800, 1, '2025-05-06 02:00:00'),
(9, 10, 1000, 0, '2025-05-12 17:00:00'),
(3, 16, 1200, 2, '2025-05-08 05:00:00'),
(8, 1, 800, 2, '2025-05-18 14:00:00'),
(4, 15, 1200, 0, '2025-05-15 13:00:00'),
(10, 13, 1000, 1, '2025-05-13 00:00:00'),
(11, 6, 1000, 0, '2025-05-11 17:00:00'),
(4, 2, 1200, 1, '2025-05-11 18:00:00'),
(16, 18, 500, 2, '2025-05-13 21:00:00'),
(7, 18, 1000, 2, '2025-05-13 04:00:00'),
(3, 1, 500, 2, '2025-05-05 12:00:00'),
(15, 11, 1000, 2, '2025-05-12 19:00:00'),
(15, 11, 1200, 1, '2025-05-10 07:00:00'),
(19, 8, 500, 0, '2025-05-20 05:00:00'),
(9, 2, 1000, 0, '2025-05-17 15:00:00'),
(5, 16, 1200, 2, '2025-05-16 17:00:00'),
(17, 7, 1200, 0, '2025-05-07 14:00:00'),
(6, 4, 800, 0, '2025-05-20 02:00:00'),
(20, 16, 1000, 0, '2025-05-16 12:00:00'),
(13, 2, 800, 2, '2025-05-11 18:00:00'),
(6, 7, 1000, 1, '2025-05-09 12:00:00'),
(12, 19, 500, 2, '2025-05-06 19:00:00'),
(7, 5, 1000, 2, '2025-05-13 04:00:00'),
(13, 9, 500, 1, '2025-05-10 13:00:00'),
(5, 16, 800, 0, '2025-05-08 18:00:00'),
(13, 8, 500, 1, '2025-05-13 11:00:00'),
(12, 6, 1000, 1, '2025-05-07 01:00:00'),
(4, 1, 1200, 2, '2025-05-14 09:00:00'),
(1, 15, 1200, 0, '2025-05-07 13:00:00'),
(8, 5, 1000, 2, '2025-05-05 12:00:00'),
(8, 19, 1200, 0, '2025-05-16 19:00:00'),
(7, 19, 500, 0, '2025-05-13 22:00:00'),
(18, 5, 500, 1, '2025-05-21 17:00:00'),
(12, 7, 500, 0, '2025-05-16 09:00:00'),
(2, 20, 1200, 1, '2025-05-04 15:00:00'),
(2, 16, 500, 0, '2025-05-13 23:00:00'),
(11, 1, 800, 1, '2025-05-04 04:00:00'),
(12, 10, 500, 2, '2025-05-21 11:00:00'),
(3, 19, 800, 1, '2025-05-12 13:00:00'),
(6, 10, 500, 2, '2025-05-14 06:00:00'),
(10, 18, 1000, 0, '2025-05-09 11:00:00'),
(10, 11, 1200, 1, '2025-05-14 23:00:00'),
(16, 6, 1000, 1, '2025-05-05 15:00:00'),
(13, 8, 1200, 1, '2025-05-10 11:00:00'),
(3, 10, 500, 0, '2025-05-05 04:00:00'),
(18, 6, 500, 1, '2025-05-07 05:00:00'),
(1, 17, 500, 2, '2025-05-04 19:00:00'),
(18, 12, 500, 1, '2025-05-04 04:00:00'),
(9, 10, 1000, 2, '2025-05-02 03:00:00'),
(6, 5, 500, 2, '2025-05-07 08:00:00'),
(1, 18, 800, 1, '2025-05-06 02:00:00'),
(9, 10, 1000, 0, '2025-05-12 17:00:00'),
(3, 16, 1200, 2, '2025-05-08 05:00:00'),
(8, 1, 800, 2, '2025-05-18 14:00:00'),
(4, 15, 1200, 0, '2025-05-15 13:00:00'),
(10, 13, 1000, 1, '2025-05-13 00:00:00'),
(11, 6, 1000, 0, '2025-05-11 17:00:00'),
(4, 2, 1200, 1, '2025-05-11 18:00:00'),
(16, 18, 500, 2, '2025-05-13 21:00:00'),
(7, 18, 1000, 2, '2025-05-13 04:00:00'),
(3, 1, 500, 2, '2025-05-05 12:00:00'),
(15, 11, 1000, 2, '2025-05-12 19:00:00'),
(15, 11, 1200, 1, '2025-05-10 07:00:00'),
(19, 8, 500, 0, '2025-05-20 05:00:00'),
(9, 2, 1000, 0, '2025-05-17 15:00:00'),
(5, 16, 1200, 2, '2025-05-16 17:00:00'),
(17, 7, 1200, 0, '2025-05-07 14:00:00'),
(6, 4, 800, 0, '2025-05-20 02:00:00'),
(20, 16, 1000, 0, '2025-05-16 12:00:00'),
(13, 2, 800, 2, '2025-05-11 18:00:00'),
(6, 7, 1000, 1, '2025-05-09 12:00:00'),
(12, 19, 500, 2, '2025-05-06 19:00:00'),
(7, 5, 1000, 2, '2025-05-13 04:00:00'),
(13, 9, 500, 1, '2025-05-10 13:00:00'),
(5, 16, 800, 0, '2025-05-08 18:00:00'),
(13, 8, 500, 1, '2025-05-13 11:00:00'),
(12, 6, 1000, 1, '2025-05-07 01:00:00'),
(4, 1, 1200, 2, '2025-05-14 09:00:00'),
(1, 15, 1200, 0, '2025-05-07 13:00:00'),
(8, 5, 1000, 2, '2025-05-05 12:00:00'),
(8, 19, 1200, 0, '2025-05-16 19:00:00'),
(7, 19, 500, 0, '2025-05-13 22:00:00'),
(18, 5, 500, 1, '2025-05-21 17:00:00'),
(12, 7, 500, 0, '2025-05-16 09:00:00'),
(2, 20, 1200, 1, '2025-05-04 15:00:00'),
(2, 16, 500, 0, '2025-05-13 23:00:00'),
(11, 1, 800, 1, '2025-05-04 04:00:00'),
(12, 10, 500, 2, '2025-05-21 11:00:00'),
(3, 19, 800, 1, '2025-05-12 13:00:00'),
(6, 10, 500, 2, '2025-05-14 06:00:00'),
(10, 18, 1000, 0, '2025-05-09 11:00:00'),
(10, 11, 1200, 1, '2025-05-14 23:00:00'),
(16, 6, 1000, 1, '2025-05-05 15:00:00'),
(13, 8, 1200, 1, '2025-05-10 11:00:00'),
(3, 10, 500, 0, '2025-05-05 04:00:00'),
(18, 6, 500, 1, '2025-05-07 05:00:00'),
(1, 17, 500, 2, '2025-05-04 19:00:00'),
(18, 12, 500, 1, '2025-05-04 04:00:00'),
(9, 10, 1000, 2, '2025-05-02 03:00:00'),
(6, 5, 500, 2, '2025-05-07 08:00:00'),
(1, 18, 800, 1, '2025-05-06 02:00:00'),
(9, 10, 1000, 0, '2025-05-12 17:00:00'),
(3, 16, 1200, 2, '2025-05-08 05:00:00'),
(8, 1, 800, 2, '2025-05-18 14:00:00'),
(4, 15, 1200, 0, '2025-05-15 13:00:00'),
(10, 13, 1000, 1, '2025-05-13 00:00:00'),
(11, 6, 1000, 0, '2025-05-11 17:00:00'),
(4, 2, 1200, 1, '2025-05-11 18:00:00'),
(16, 18, 500, 2, '2025-05-13 21:00:00'),
(7, 18, 1000, 2, '2025-05-13 04:00:00'),
(3, 1, 500, 2, '2025-05-05 12:00:00'),
(15, 11, 1000, 2, '2025-05-12 19:00:00'),
(15, 11, 1200, 1, '2025-05-10 07:00:00'),
(19, 8, 500, 0, '2025-05-20 05:00:00'),
(9, 2, 1000, 0, '2025-05-17 15:00:00'),
(5, 16, 1200, 2, '2025-05-16 17:00:00'),
(17, 7, 1200, 0, '2025-05-07 14:00:00'),
(6, 4, 800, 0, '2025-05-20 02:00:00'),
(20, 16, 1000, 0, '2025-05-16 12:00:00'),
(13, 2, 800, 2, '2025-05-11 18:00:00'),
(6, 7, 1000, 1, '2025-05-09 12:00:00'),
(12, 19, 500, 2, '2025-05-06 19:00:00'),
(7, 5, 1000, 2, '2025-05-13 04:00:00'),
(13, 9, 500, 1, '2025-05-10 13:00:00'),
(5, 16, 800, 0, '2025-05-08 18:00:00'),
(13, 8, 500, 1, '2025-05-13 11:00:00'),
(12, 6, 1000, 1, '2025-05-07 01:00:00'),
(4, 1, 1200, 2, '2025-05-14 09:00:00'),
(1, 15, 1200, 0, '2025-05-07 13:00:00'),
(8, 5, 1000, 2, '2025-05-05 12:00:00'),
(8, 19, 1200, 0, '2025-05-16 19:00:00'),
(7, 19, 500, 0, '2025-05-13 22:00:00'),
(18, 5, 500, 1, '2025-05-21 17:00:00'),
(12, 7, 500, 0, '2025-05-16 09:00:00'),
(2, 20, 1200, 1, '2025-05-04 15:00:00'),
(2, 16, 500, 0, '2025-05-13 23:00:00'),
(11, 1, 800, 1, '2025-05-04 04:00:00'),
(12, 10, 500, 2, '2025-05-21 11:00:00'),
(3, 19, 800, 1, '2025-05-12 13:00:00'),
(6, 10, 500, 2, '2025-05-14 06:00:00'),
(10, 18, 1000, 0, '2025-05-09 11:00:00'),
(10, 11, 1200, 1, '2025-05-14 23:00:00'),
(16, 6, 1000, 1, '2025-05-05 15:00:00'),
(13, 8, 1200, 1, '2025-05-10 11:00:00'),
(3, 10, 500, 0, '2025-05-05 04:00:00'),
(18, 6, 500, 1, '2025-05-07 05:00:00'),
(1, 17, 500, 2, '2025-05-04 19:00:00'),
(18, 12, 500, 1, '2025-05-04 04:00:00'),
(9, 10, 1000, 2, '2025-05-02 03:00:00'),
(6, 5, 500, 2, '2025-05-07 08:00:00'),
(1, 18, 800, 1, '2025-05-06 02:00:00'),
(9, 10, 1000, 0, '2025-05-12 17:00:00'),
(3, 16, 1200, 2, '2025-05-08 05:00:00'),
(8, 1, 800, 2, '2025-05-18 14:00:00'),
(4, 15, 1200, 0, '2025-05-15 13:00:00'),
(10, 13, 1000, 1, '2025-05-13 00:00:00'),
(11, 6, 1000, 0, '2025-05-11 17:00:00'),
(4, 2, 1200, 1, '2025-05-11 18:00:00'),
(16, 18, 500, 2, '2025-05-13 21:00:00'),
(7, 18, 1000, 2, '2025-05-13 04:00:00'),
(3, 1, 500, 2, '2025-05-05 12:00:00'),
(15, 11, 1000, 2, '2025-05-12 19:00:00'),
(15, 11, 1200, 1, '2025-05-10 07:00:00'),
(19, 8, 500, 0, '2025-05-20 05:00:00'),
(9, 2, 1000, 0, '2025-05-17 15:00:00'),
(5, 16, 1200, 2, '2025-05-16 17:00:00'),
(17, 7, 1200, 0, '2025-05-07 14:00:00'),
(6, 4, 800, 0, '2025-05-20 02:00:00'),
(20, 16, 1000, 0, '2025-05-16 12:00:00'),
(13, 2, 800, 2, '2025-05-11 18:00:00'),
(6, 7, 1000, 1, '2025-05-09 12:00:00'),
(12, 19, 500, 2, '2025-05-06 19:00:00'),
(7, 5, 1000, 2, '2025-05-13 04:00:00'),
(13, 9, 500, 1, '2025-05-10 13:00:00'),
(5, 16, 800, 0, '2025-05-08 18:00:00'),
(13, 8, 500, 1, '2025-05-13 11:00:00'),
(12, 6, 1000, 1, '2025-05-07 01:00:00'),
(4, 1, 1200, 2, '2025-05-14 09:00:00'),
(1, 15, 1200, 0, '2025-05-07 13:00:00'),
(8, 5, 1000, 2, '2025-05-05 12:00:00'),
(8, 19, 1200, 0, '2025-05-16 19:00:00'),
(7, 19, 500, 0, '2025-05-13 22:00:00'),
(18, 5, 500, 1, '2025-05-21 17:00:00'),
(12, 7, 500, 0, '2025-05-16 09:00:00'),
(2, 20, 1200, 1, '2025-05-04 15:00:00'),
(2, 16, 500, 0, '2025-05-13 23:00:00'),
(11, 1, 800, 1, '2025-05-04 04:00:00'),
(12, 10, 500, 2, '2025-05-21 11:00:00'),
(3, 19, 800, 1, '2025-05-12 13:00:00'),
(6, 10, 500, 2, '2025-05-14 06:00:00'),
(10, 18, 1000, 0, '2025-05-09 11:00:00'),
(10, 11, 1200, 1, '2025-05-14 23:00:00'),
(16, 6, 1000, 1, '2025-05-05 15:00:00'),
(13, 8, 1200, 1, '2025-05-10 11:00:00'),
(3, 10, 500, 0, '2025-05-05 04:00:00'),
(18, 6, 500, 1, '2025-05-07 05:00:00'),
(1, 17, 500, 2, '2025-05-04 19:00:00'),
(18, 12, 500, 1, '2025-05-04 04:00:00'),
(9, 10, 1000, 2, '2025-05-02 03:00:00'),
(6, 5, 500, 2, '2025-05-07 08:00:00');
