CREATE TABLE `brands` (
  `brand_id` int NOT NULL,
  `name` varchar(50) DEFAULT NULL
) ENGINE=InnoDB DEFAULT CHARSET=utf8mb4 COLLATE=utf8mb4_0900_ai_ci;

INSERT INTO `brands` (`brand_id`, `name`) VALUES
(1, 'Nike'),
(2, 'Adidas'),
(3, 'Puma'),
(4, 'Under Armour'),
(5, 'Mizuno'),
(6, 'Asics'),
(7, 'Yonex'),
(8, 'Wilson'),
(9, 'Spalding'),
(10, 'Molten'),
(11, 'Titleist'),
(12, 'Callaway'),
(13, 'Decathlon'),
(14, 'Li-Ning'),
(15, 'Anta'),
(16, 'Jordan'),
(17, 'Butterfly'),
(18, 'VICTOR'),
(19, 'Giant'),
(20, 'Everlast'),
(21, 'Salomon'),
(22, 'Oakley'),
(23, 'Liforme'),
(24, 'LULU LEMON');

CREATE TABLE `images` (
  `image_id` int NOT NULL,
  `product_id` int NOT NULL,
  `image_url` text NOT NULL,
  `image_order` int NOT NULL DEFAULT '0'
) ENGINE=InnoDB DEFAULT CHARSET=utf8mb4 COLLATE=utf8mb4_0900_ai_ci;

INSERT INTO `images` (`image_id`, `product_id`, `image_url`, `image_order`) VALUES
(1, 1, 'spec01.jpeg', 1),
(2, 2, 'spec02.jpeg', 1),
(3, 3, 'spec03.jpeg', 1),
(4, 4, 'spec04.jpeg', 1),
(5, 5, 'spec05.jpeg', 1),
(6, 6, 'spec06.jpeg', 1),
(7, 7, 'spec07.jpeg', 1),
(8, 8, 'spec08.jpeg', 1),
(9, 9, 'spec09.jpeg', 1),
(10, 10, 'spec10.jpeg', 1),
(11, 11, 'spec11.jpeg', 1),
(12, 12, 'spec12.jpeg', 1),
(13, 13, 'spec13.jpeg', 1),
(14, 14, 'spec14.jpeg', 1),
(15, 15, 'spec15.jpeg', 1),
(16, 16, 'spec16.jpeg', 1),
(17, 17, 'spec17.jpeg', 1),
(18, 18, 'spec18.jpeg', 1),
(19, 19, 'spec19.jpeg', 1),
(20, 20, 'spec20.jpeg', 1),
(21, 21, 'spec21.jpeg', 1),
(22, 22, 'spec22.jpeg', 1),
(23, 23, 'spec23.jpeg', 1),
(24, 23, 'spec24.jpeg', 1),
(25, 24, 'spec25.jpeg', 1),
(26, 25, 'spec26.jpeg', 1),
(27, 26, 'spec27.jpeg', 1),
(28, 27, 'spec28.jpeg', 1),
(29, 28, 'spec29.jpeg', 1),
(30, 29, 'spec30.jpeg', 1),
(31, 30, 'spec31.jpeg', 1),
(32, 31, 'spec32.jpeg', 1),
(33, 32, 'spec33.jpeg', 1),
(34, 33, 'spec34.jpeg', 1),
(35, 34, 'spec35.jpeg', 1),
(36, 35, 'spec36.jpeg', 1),
(37, 36, 'spec37.jpeg', 1),
(38, 37, 'spec38.jpeg', 1),
(39, 38, 'spec39.jpeg', 1),
(40, 39, 'spec40.jpeg', 1),
(41, 40, 'spec41.jpeg', 1),
(42, 41, 'spec42.jpeg', 1),
(43, 42, 'spec43.jpeg', 1),
(44, 43, 'spec44.jpeg', 1),
(45, 44, 'spec45.jpeg', 1),
(46, 45, 'spec46.jpeg', 1),
(47, 46, 'spec47.jpeg', 1),
(48, 47, 'spec48.jpeg', 1),
(49, 48, 'spec49.jpeg', 1),
(50, 49, 'spec50.jpeg', 1),
(51, 50, 'spec51.jpeg', 1),
(52, 51, 'spec52.jpeg', 1),
(53, 52, 'spec53.jpeg', 1),
(54, 53, 'spec54.jpeg', 1),
(55, 54, 'spec55.jpeg', 1),
(56, 55, 'spec56.jpeg', 1),
(57, 56, 'spec57.jpeg', 1),
(58, 57, 'spec58.jpeg', 1),
(59, 58, 'spec59.jpeg', 1),
(60, 59, 'spec60.jpeg', 1),
(61, 60, 'spec61.jpeg', 1),
(62, 61, 'spec62.jpeg', 1),
(63, 62, 'spec63.jpeg', 1),
(64, 63, 'spec64.jpeg', 1),
(65, 64, 'spec65.jpeg', 1),
(66, 65, 'spec66.jpeg', 1),
(67, 66, 'spec67.jpeg', 1),
(68, 67, 'spec68.jpeg', 1),
(69, 68, 'spec69.jpeg', 1),
(70, 69, 'spec70.jpeg', 1),
(71, 70, 'spec71.jpeg', 1),
(72, 71, 'spec72.jpeg', 1),
(73, 72, 'spec73.jpeg', 1),
(74, 2, 'spec74.jpeg', 2);

CREATE TABLE `orders` (
  `order_id` int NOT NULL,
  `member_id` bigint NOT NULL,
  `total` int NOT NULL,
  `fee` int NOT NULL,
  `address` text NOT NULL,
  `status` enum('待出貨','已出貨','已完成') NOT NULL,
  `payment` enum('信用卡','Line Pay','貨到付款') NOT NULL,
  `invoice` enum('統一發票','統編','載具') NOT NULL,
  `delivery` enum('7-11','全家','宅配') NOT NULL,
  `created` datetime DEFAULT CURRENT_TIMESTAMP,
  `updated` datetime DEFAULT CURRENT_TIMESTAMP ON UPDATE CURRENT_TIMESTAMP
) ENGINE=InnoDB DEFAULT CHARSET=utf8mb4 COLLATE=utf8mb4_0900_ai_ci;

INSERT INTO `orders` (`order_id`, `member_id`, `total`, `fee`, `address`, `status`, `payment`, `invoice`, `delivery`, `created`, `updated`) VALUES
(1, 23, 3800, 60, '台北市大安區信義路四段101號5樓', '待出貨', '信用卡', '載具', '7-11', '2025-05-20 20:53:29', '2025-05-20 20:53:29'),
(2, 5, 15500, 100, '新北市板橋區文化路一段200號10樓之1', '已出貨', 'Line Pay', '統一發票', '宅配', '2025-05-20 20:53:29', '2025-05-20 20:53:29'),
(3, 78, 900, 60, '桃園市中壢區中央西路二段50號', '已完成', '貨到付款', '統編', '全家', '2025-05-20 20:53:29', '2025-05-20 20:53:29'),
(4, 11, 1100, 60, '台南市中西區民族路二段77號', '已出貨', 'Line Pay', '統一發票', '7-11', '2025-05-20 20:53:29', '2025-05-20 20:53:29'),
(5, 66, 16800, 100, '高雄市苓雅區三多四路21號12樓', '待出貨', '信用卡', '載具', '宅配', '2025-05-20 20:53:29', '2025-05-20 20:53:29'),
(6, 12, 1200, 60, '台北市中山區南京東路三段131號10樓', '已出貨', '貨到付款', '統一發票', '全家', '2025-05-20 20:53:29', '2025-05-20 20:53:29'),
(7, 3, 1960, 100, '桃園市桃園區復興路30號B1', '待出貨', '信用卡', '載具', '宅配', '2025-05-20 20:53:29', '2025-05-20 20:53:29'),
(8, 50, 4550, 60, '台中市北區學士路99號7樓', '已出貨', 'Line Pay', '統一發票', '7-11', '2025-05-20 20:53:29', '2025-05-20 20:53:29'),
(9, 21, 7600, 60, '高雄市左營區博愛二路777號3樓', '待出貨', '信用卡', '載具', '全家', '2025-05-20 20:53:29', '2025-05-20 20:53:29'),
(10, 77, 4100, 60, '台北市內湖區成功路五段88號6樓', '已出貨', 'Line Pay', '統一發票', '7-11', '2025-05-20 20:53:29', '2025-05-20 20:53:29'),
(11, 60, 8000, 60, '台中市南屯區公益路二段51號20樓', '待出貨', '貨到付款', '載具', '全家', '2025-05-20 20:53:29', '2025-05-20 20:53:29'),
(12, 8, 750, 100, '台北市中正區忠孝西路一段66號10樓', '已出貨', 'Line Pay', '統一發票', '宅配', '2025-05-20 20:53:29', '2025-05-20 20:53:29'),
(13, 70, 3800, 60, '新北市永和區中山路一段238號2樓', '已完成', '信用卡', '統編', '7-11', '2025-05-20 20:53:29', '2025-05-20 20:53:29'),
(14, 29, 10400, 60, '桃園市蘆竹區南崁路一段112號5樓', '待出貨', 'Line Pay', '載具', '全家', '2025-05-20 20:53:29', '2025-05-20 20:53:29'),
(15, 99, 2200, 100, '高雄市前鎮區中華五路789號8樓', '已完成', '信用卡', '統編', '宅配', '2025-05-20 20:53:29', '2025-05-20 20:53:29'),
(16, 48, 1500, 60, '新北市板橋區文化路一段200號10樓之1', '已出貨', '信用卡', '統一發票', '全家', '2025-05-20 20:53:29', '2025-05-20 20:53:29'),
(17, 82, 4500, 60, '桃園市中壢區中央西路二段50號', '已完成', '貨到付款', '統編', '7-11', '2025-05-20 20:53:29', '2025-05-20 20:53:29'),
(18, 91, 3200, 100, '高雄市苓雅區三多四路21號12樓', '已完成', '貨到付款', '統編', '宅配', '2025-05-20 20:53:29', '2025-05-20 20:53:29'),
(19, 19, 6700, 60, '台北市中山區南京東路三段131號10樓', '待出貨', 'Line Pay', '載具', '全家', '2025-05-20 20:53:29', '2025-05-20 20:53:29'),
(20, 33, 1730, 100, '桃園市桃園區復興路30號B1', '已完成', 'Line Pay', '統編', '宅配', '2025-05-20 20:53:29', '2025-05-20 20:53:29'),
(21, 87, 3800, 100, '台南市安平區古堡街10號', '已出貨', '信用卡', '統一發票', '宅配', '2025-05-20 20:53:29', '2025-05-20 20:53:29'),
(22, 25, 7300, 60, '高雄市左營區博愛二路777號3樓', '已完成', 'Line Pay', '統編', '7-11', '2025-05-20 20:53:29', '2025-05-20 20:53:29'),
(23, 40, 7750, 100, '新北市三重區重新路五段609巷2號3樓', '已出貨', '貨到付款', '統一發票', '宅配', '2025-05-20 20:53:29', '2025-05-20 20:53:29'),
(24, 67, 1500, 60, '台中市南屯區公益路二段51號20樓', '已完成', 'Line Pay', '統編', '7-11', '2025-05-20 20:53:29', '2025-05-20 20:53:29'),
(25, 10, 3800, 100, '台北市中正區忠孝西路一段66號10樓', '待出貨', '信用卡', '載具', '宅配', '2025-05-20 20:53:29', '2025-05-20 20:53:29'),
(26, 75, 5200, 60, '新北市永和區中山路一段238號2樓', '已出貨', 'Line Pay', '統一發票', '全家', '2025-05-20 20:53:29', '2025-05-20 20:53:29'),
(27, 52, 2200, 100, '台中市東區復興路四段186號6樓', '待出貨', '信用卡', '載具', '宅配', '2025-05-20 20:53:29', '2025-05-20 20:53:29'),
(28, 17, 3000, 100, '台北市松山區敦化北路100號10樓', '已完成', '信用卡', '統編', '宅配', '2025-05-20 20:53:29', '2025-05-20 20:53:29'),
(29, 44, 4500, 60, '新北市中和區景平路634號3樓', '待出貨', '貨到付款', '載具', '全家', '2025-05-20 20:53:29', '2025-05-20 20:53:29'),
(30, 22, 3200, 100, '台中市大里區國光路二段710號5樓', '已完成', '信用卡', '統編', '宅配', '2025-05-20 20:53:29', '2025-05-20 20:53:29'),
(31, 61, 5500, 60, '台南市永康區中華路1之100號', '待出貨', 'Line Pay', '載具', '全家', '2025-05-20 20:53:29', '2025-05-20 20:53:29'),
(32, 90, 1200, 60, '台北市大安區信義路四段101號5樓', '已出貨', '貨到付款', '統一發票', '宅配', '2025-05-20 20:53:29', '2025-05-20 20:53:29'),
(33, 53, 1730, 60, '桃園市中壢區中央西路二段50號', '待出貨', 'Line Pay', '載具', '全家', '2025-05-20 20:53:29', '2025-05-20 20:53:29'),
(34, 85, 3800, 100, '台中市西屯區台灣大道三段301號8樓', '已出貨', '信用卡', '統一發票', '宅配', '2025-05-20 20:53:29', '2025-05-20 20:53:29'),
(35, 4, 5000, 60, '台南市中西區民族路二段77號', '已完成', '貨到付款', '統編', '7-11', '2025-05-20 20:53:29', '2025-05-20 20:53:29'),
(36, 15, 6900, 60, '基隆市仁愛區愛三路77號', '待出貨', '信用卡', '載具', '宅配', '2025-05-24 14:35:22', '2025-05-24 14:35:22'),
(37, 130, 1480, 0, '新北市三重區重新路五段609巷12號', '已出貨', 'Line Pay', '統一發票', '全家', '2025-05-24 14:35:22', '2025-05-24 14:35:22'),
(38, 211, 499, 60, '桃園市中壢區元化路357號', '已完成', '貨到付款', '統編', '7-11', '2025-05-24 14:35:22', '2025-05-24 14:35:22'),
(39, 310, 8700, 100, '台中市西屯區市政北七路99號', '待出貨', '信用卡', '載具', '宅配', '2025-05-24 14:35:22', '2025-05-24 14:35:22'),
(40, 408, 1980, 60, '高雄市前鎮區一心二路111號', '已出貨', 'Line Pay', '統一發票', '7-11', '2025-05-24 14:35:22', '2025-05-24 14:35:22'),
(41, 502, 2450, 0, '台北市大安區復興南路一段390號', '已完成', '信用卡', '載具', '全家', '2025-05-24 14:35:22', '2025-05-24 14:35:22'),
(42, 618, 1280, 100, '新北市新莊區新泰路58號', '待出貨', '貨到付款', '統一發票', '宅配', '2025-05-24 14:35:22', '2025-05-24 14:35:22'),
(43, 711, 2500, 60, '桃園市桃園區中正路19號', '已出貨', 'Line Pay', '載具', '7-11', '2025-05-24 14:35:22', '2025-05-24 14:35:22'),
(44, 833, 850, 0, '台中市北區進化北路400號', '已完成', '信用卡', '統編', '全家', '2025-05-24 14:35:22', '2025-05-24 14:35:22'),
(45, 910, 9800, 100, '高雄市苓雅區四維三路2號', '待出貨', '貨到付款', '統一發票', '宅配', '2025-05-24 14:35:22', '2025-05-24 14:35:22'),
(46, 31, 1990, 60, '台北市士林區中山北路五段250號', '已出貨', 'Line Pay', '載具', '宅配', '2025-05-24 14:35:22', '2025-05-24 14:35:22'),
(47, 151, 920, 0, '新北市淡水區中正東路二段27號', '已完成', '信用卡', '統一發票', '7-11', '2025-05-24 14:35:22', '2025-05-24 14:35:22'),
(48, 251, 8300, 100, '桃園市蘆竹區中正路1號', '待出貨', '貨到付款', '載具', '宅配', '2025-05-24 14:35:22', '2025-05-24 14:35:22'),
(49, 381, 620, 60, '台中市西區向上路一段100號', '已出貨', 'Line Pay', '統一發票', '全家', '2025-05-24 14:35:22', '2025-05-24 14:35:22'),
(50, 511, 3500, 0, '高雄市鹽埕區五福四路123號', '已完成', '信用卡', '統編', '7-11', '2025-05-24 14:35:22', '2025-05-24 14:35:22'),
(51, 621, 7950, 100, '台北市萬華區中華路一段96號', '待出貨', '貨到付款', '載具', '宅配', '2025-05-24 14:35:22', '2025-05-24 14:35:22'),
(52, 731, 5000, 60, '新北市鶯歌區尖山埔路81號', '已出貨', 'Line Pay', '統一發票', '全家', '2025-05-24 14:35:22', '2025-05-24 14:35:22'),
(53, 800, 580, 0, '桃園市觀音區新華路一段980號', '已完成', '信用卡', '載具', '7-11', '2025-05-24 14:35:22', '2025-05-24 14:35:22'),
(54, 901, 4350, 100, '台中市北屯區東山路一段383巷', '待出貨', '貨到付款', '統一發票', '宅配', '2025-05-24 14:35:22', '2025-05-24 14:35:22'),
(55, 999, 3900, 60, '高雄市鼓山區哨船街32號', '已出貨', 'Line Pay', '載具', '7-11', '2025-05-24 14:35:22', '2025-05-24 14:56:51'),
(56, 78, 5950, 100, '台北市中正區八德路一段1號', '待出貨', '信用卡', '統編', '宅配', '2025-05-24 14:35:22', '2025-05-24 14:35:22'),
(57, 170, 1900, 60, '新北市瑞芳區金光路8號', '已出貨', 'Line Pay', '載具', '全家', '2025-05-24 14:35:22', '2025-05-24 14:35:22'),
(58, 280, 1380, 0, '桃園市龍潭區渴望路236號', '已完成', '貨到付款', '統一發票', '7-11', '2025-05-24 14:35:22', '2025-05-24 14:35:22'),
(59, 444, 4800, 100, '台中市后里區公安路37號', '待出貨', '信用卡', '載具', '宅配', '2025-05-24 14:35:22', '2025-05-24 14:35:22'),
(60, 601, 3780, 60, '高雄市杉林區上平里忠孝路1號', '已出貨', 'Line Pay', '統一發票', '7-11', '2025-05-24 14:35:22', '2025-05-24 14:35:22'),
(61, 58, 4800, 60, '台北市中山區南京西路12號', '待出貨', '信用卡', '載具', '宅配', '2025-05-24 15:01:05', '2025-05-24 15:01:05'),
(62, 123, 1250, 0, '新北市板橋區府中路29之1號', '已出貨', 'Line Pay', '統一發票', '全家', '2025-05-24 15:01:05', '2025-05-24 15:01:05'),
(63, 245, 780, 60, '桃園市桃園區中正路77巷2號', '已完成', '貨到付款', '統編', '7-11', '2025-05-24 15:01:05', '2025-05-24 15:01:05'),
(64, 388, 6500, 100, '台中市中區成功路125號', '待出貨', '信用卡', '載具', '宅配', '2025-05-24 15:01:05', '2025-05-24 15:01:05'),
(65, 430, 2200, 60, '高雄市新興區中山一路115號', '已出貨', 'Line Pay', '統一發票', '7-11', '2025-05-24 15:01:05', '2025-05-24 15:01:05'),
(66, 501, 3300, 0, '台北市大同區迪化街一段61號', '已完成', '信用卡', '載具', '全家', '2025-05-24 15:01:05', '2025-05-24 15:01:05'),
(67, 612, 980, 100, '新北市三重區三和路二段145號', '待出貨', '貨到付款', '統一發票', '宅配', '2025-05-24 15:01:05', '2025-05-24 15:01:05'),
(68, 720, 2800, 60, '桃園市中壢區新生路181巷', '已出貨', 'Line Pay', '載具', '7-11', '2025-05-24 15:01:05', '2025-05-24 15:01:05'),
(69, 811, 880, 0, '台中市西區向上北路100號', '已完成', '信用卡', '統編', '全家', '2025-05-24 15:01:05', '2025-05-24 15:01:05'),
(70, 940, 9600, 100, '高雄市左營區裕誠路455號', '待出貨', '貨到付款', '統一發票', '宅配', '2025-05-24 15:01:05', '2025-05-24 15:01:05'),
(71, 33, 1500, 60, '台北市萬華區漢中街50巷7號', '已出貨', 'Line Pay', '載具', '宅配', '2025-05-24 15:01:05', '2025-05-24 15:01:05'),
(72, 156, 890, 0, '新北市永和區得和路373巷', '已完成', '信用卡', '統一發票', '7-11', '2025-05-24 15:01:05', '2025-05-24 15:01:05'),
(73, 270, 8100, 100, '桃園市八德區東勇街56號', '待出貨', '貨到付款', '載具', '宅配', '2025-05-24 15:01:05', '2025-05-24 15:01:05'),
(74, 399, 590, 60, '台中市豐原區市前街88號', '已出貨', 'Line Pay', '統一發票', '全家', '2025-05-24 15:01:05', '2025-05-24 15:01:05'),
(75, 523, 3500, 0, '高雄市鼓山區臨海二路51號', '已完成', '信用卡', '統編', '7-11', '2025-05-24 15:01:05', '2025-05-24 15:01:05'),
(76, 630, 7800, 100, '台北市松山區饒河街220號', '待出貨', '貨到付款', '載具', '宅配', '2025-05-24 15:01:05', '2025-05-24 15:01:05'),
(77, 740, 4900, 60, '新北市淡水區公明街60號', '已出貨', 'Line Pay', '統一發票', '全家', '2025-05-24 15:01:05', '2025-05-24 15:01:05'),
(78, 801, 550, 0, '桃園市龍潭區渴望二路100號', '已完成', '信用卡', '載具', '7-11', '2025-05-24 15:01:05', '2025-05-24 15:01:05'),
(79, 911, 4250, 100, '台中市大甲區鎮瀾街158號', '待出貨', '貨到付款', '統一發票', '宅配', '2025-05-24 15:01:05', '2025-05-24 15:01:05'),
(80, 999, 3800, 60, '高雄市美濃區永安路195號', '已出貨', 'Line Pay', '載具', '7-11', '2025-05-24 15:01:05', '2025-05-24 15:01:05'),
(81, 88, 5800, 100, '台北市中正區羅斯福路四段1號', '待出貨', '信用卡', '統編', '宅配', '2025-05-24 15:01:05', '2025-05-24 15:01:05'),
(82, 199, 4350, 60, '新北市金山區金包里街54號', '已出貨', 'Line Pay', '載具', '全家', '2025-05-24 15:01:05', '2025-05-25 01:01:19'),
(83, 301, 1350, 0, '桃園市觀音區中山路一段1000號', '已完成', '貨到付款', '統一發票', '7-11', '2025-05-24 15:01:05', '2025-05-24 15:01:05'),
(84, 451, 4750, 100, '台中市和平區東關路一段109號', '待出貨', '信用卡', '載具', '宅配', '2025-05-24 15:01:05', '2025-05-24 15:01:05'),
(85, 610, 3700, 60, '高雄市旗山區延平二路23號', '已出貨', 'Line Pay', '統一發票', '7-11', '2025-05-24 15:01:05', '2025-05-24 15:01:05'),
(86, 29, 3200, 0, '台北市士林區故宮路221號', '待出貨', '信用卡', '載具', '宅配', '2025-05-24 15:01:05', '2025-05-24 15:01:05'),
(87, 100, 1480, 60, '新北市瑞芳區基山街100號', '已出貨', 'Line Pay', '統一發票', '全家', '2025-05-24 15:01:05', '2025-05-24 15:01:05'),
(88, 200, 7500, 100, '桃園市大溪區和平路1號', '已完成', '貨到付款', '統編', '宅配', '2025-05-24 15:01:05', '2025-05-24 15:01:05'),
(89, 300, 980, 60, '台中市西區美村路一段117巷1號', '待出貨', '信用卡', '載具', '7-11', '2025-05-24 15:01:05', '2025-05-24 15:01:05'),
(90, 400, 1800, 0, '高雄市苓雅區自強三路1號', '已出貨', 'Line Pay', '統一發票', '全家', '2025-05-24 15:01:05', '2025-05-24 15:01:05'),
(91, 500, 5500, 100, '台北市北投區光明路224號', '已完成', '貨到付款', '統編', '宅配', '2025-05-24 15:01:05', '2025-05-24 15:01:05'),
(92, 600, 1200, 60, '新北市坪林區水柳腳路10號', '待出貨', '信用卡', '載具', '7-11', '2025-05-24 15:01:05', '2025-05-24 15:01:05'),
(93, 700, 2200, 0, '桃園市楊梅區中山北路一段390巷', '已出貨', 'Line Pay', '統一發票', '全家', '2025-05-24 15:01:05', '2025-05-24 15:01:05'),
(94, 800, 4500, 100, '台中市梧棲區臺灣大道十段168號', '已完成', '貨到付款', '統編', '宅配', '2025-05-24 15:01:05', '2025-05-24 15:01:05'),
(95, 900, 3200, 60, '高雄市大樹區統嶺路1號', '待出貨', '信用卡', '載具', '7-11', '2025-05-24 15:01:05', '2025-05-24 15:01:05'),
(96, 1, 5500, 0, '台北市中正區重慶南路一段122號', '已出貨', 'Line Pay', '統一發票', '全家', '2025-05-24 15:01:05', '2025-05-24 15:01:05'),
(97, 110, 1730, 100, '新北市三峽區民權街37號', '已完成', '貨到付款', '統編', '宅配', '2025-05-24 15:01:05', '2025-05-24 15:01:05'),
(98, 220, 3800, 60, '桃園市龍潭區中豐路上林段196號', '待出貨', '信用卡', '載具', '7-11', '2025-05-24 15:01:05', '2025-05-24 15:01:05'),
(99, 330, 7750, 0, '台中市后里區月眉里安眉路100號', '已出貨', 'Line Pay', '統一發票', '全家', '2025-05-24 15:01:05', '2025-05-24 15:01:05'),
(100, 440, 1500, 100, '高雄市田寮區月球路36號', '已完成', '貨到付款', '統編', '宅配', '2025-05-24 15:01:05', '2025-05-24 15:01:05');

CREATE TABLE `order_items` (
  `item_id` int NOT NULL,
  `order_id` int NOT NULL,
  `spec_id` int DEFAULT NULL COMMENT '下單時的規格ID (歷史記錄, 可能為NULL)',
  `quantity` int NOT NULL,
  `price` int NOT NULL,
  `ordered_product_name` varchar(100) DEFAULT NULL COMMENT '下單時商品名稱',
  `ordered_spec_color` varchar(50) DEFAULT NULL COMMENT '下單時規格顏色/款式',
  `ordered_product_image` text COMMENT '下單時商品主圖URL',
  `item_status` varchar(20) NOT NULL DEFAULT 'active' COMMENT '明細項目狀態'
) ENGINE=InnoDB DEFAULT CHARSET=utf8mb4 COLLATE=utf8mb4_0900_ai_ci;

INSERT INTO `order_items` (`item_id`, `order_id`, `spec_id`, `quantity`, `price`, `ordered_product_name`, `ordered_spec_color`, `ordered_product_image`, `item_status`) VALUES
(1, 1, 1, 1, 3800, '極限飛馳籃球鞋', '咖啡', 'spec01.jpeg', 'active'),
(2, 2, 4, 1, 980, '專業訓練五號足球', '彩色', 'spec04.jpeg', 'active'),
(3, 2, 10, 2, 750, '比賽級鵝毛羽球', '白', 'spec10.jpeg', 'active'),
(4, 3, 19, 1, 1500, '比賽訓練足球', '紅白', 'spec19.jpeg', 'active'),
(5, 4, 15, 1, 800, '2KG啞鈴組', '藍', 'spec15.jpeg', 'active'),
(6, 4, 17, 1, 900, '環保無毒TPE瑜珈墊', '藏青', 'spec17.jpeg', 'active'),
(7, 5, 7, 1, 6800, '碳纖維進階網球拍', '紅', 'spec07.jpeg', 'active'),
(8, 5, 8, 2, 250, '訓練級網球', '黃', 'spec08.jpeg', 'active'),
(9, 6, 16, 1, 3200, '專業硬舉訓練鞋', '黑', 'spec16.jpeg', 'active'),
(10, 7, 5, 2, 7500, '金手套捕手手套', '原色', 'spec05.jpeg', 'active'),
(11, 8, 12, 1, 1800, '五星級成品桌球拍', '紅黑', 'spec12.jpeg', 'active'),
(12, 8, 13, 1, 300, '三星訓練桌球', '橘', 'spec13.jpeg', 'active'),
(13, 8, 14, 1, 1200, '專業格鬥拳擊手套', '紅', 'spec14.jpeg', 'active'),
(14, 9, 2, 2, 2200, '標準七號籃球', '橘', 'spec02.jpeg', 'active'),
(15, 10, 18, 1, 750, '輕巧TPE材質瑜珈墊', '黑', 'spec18.jpeg', 'active'),
(16, 10, 20, 1, 2200, '少年軟式棒球棒', '藍', 'spec20.jpeg', 'active'),
(17, 11, 6, 1, 3200, '強打少年鋁合金球棒', '藍白', 'spec06.jpeg', 'active'),
(18, 11, 9, 2, 5500, '攻擊型碳素羽球拍', '黑黃', 'spec09.jpeg', 'active'),
(19, 12, 21, 1, 650, '專用訓練排球五號排球', '黃藍', 'spec21.jpeg', 'active'),
(20, 13, 1, 1, 3800, '極限飛馳籃球鞋', '咖啡', 'spec01.jpeg', 'active'),
(21, 14, 11, 2, 2000, '奧運競賽標準排球', '三色', 'spec11.jpeg', 'active'),
(22, 15, 3, 1, 4500, '疾速之星足球', '橘白', 'spec03.jpeg', 'active'),
(23, 16, 22, 1, 700, '桌球拍組', '紅黑白', 'spec22.jpeg', 'active'),
(24, 17, 4, 1, 980, '專業訓練五號足球', '彩色', 'spec04.jpeg', 'active'),
(25, 18, 7, 1, 6800, '碳纖維進階網球拍', '紅', 'spec07.jpeg', 'active'),
(26, 19, 10, 1, 750, '比賽級鵝毛羽球', '白', 'spec10.jpeg', 'active'),
(27, 19, 16, 1, 3200, '專業硬舉訓練鞋', '黑', 'spec16.jpeg', 'active'),
(28, 20, 5, 1, 7500, '金手套捕手手套', '原色', 'spec05.jpeg', 'active'),
(29, 20, 12, 1, 1800, '五星級成品桌球拍', '紅黑', 'spec12.jpeg', 'active'),
(30, 21, 2, 1, 2200, '標準七號籃球', '橘', 'spec02.jpeg', 'active'),
(31, 22, 18, 2, 750, '輕巧TPE材質瑜珈墊', '黑', 'spec18.jpeg', 'active'),
(32, 22, 20, 1, 2200, '少年軟式棒球棒', '藍', 'spec20.jpeg', 'active'),
(33, 23, 6, 1, 3200, '強打少年鋁合金球棒', '藍白', 'spec06.jpeg', 'active'),
(34, 23, 9, 1, 5500, '攻擊型碳素羽球拍', '黑黃', 'spec09.jpeg', 'active'),
(35, 24, 21, 2, 650, '專用訓練排球五號排球', '黃藍', 'spec21.jpeg', 'active'),
(36, 25, 1, 1, 3800, '極限飛馳籃球鞋', '咖啡', 'spec01.jpeg', 'active'),
(37, 26, 11, 1, 2000, '奧運競賽標準排球', '三色', 'spec11.jpeg', 'active'),
(38, 27, 3, 1, 4500, '疾速之星足球', '橘白', 'spec03.jpeg', 'active'),
(39, 28, 22, 2, 700, '桌球拍組', '紅黑白', 'spec22.jpeg', 'active'),
(40, 29, 4, 1, 980, '專業訓練五號足球', '彩色', 'spec04.jpeg', 'active'),
(41, 30, 7, 1, 6800, '碳纖維進階網球拍', '紅', 'spec07.jpeg', 'active'),
(42, 31, 10, 1, 750, '比賽級鵝毛羽球', '白', 'spec10.jpeg', 'active'),
(43, 32, 16, 1, 3200, '專業硬舉訓練鞋', '黑', 'spec16.jpeg', 'active'),
(44, 33, 5, 1, 7500, '金手套捕手手套', '原色', 'spec05.jpeg', 'active'),
(45, 33, 12, 1, 1800, '五星級成品桌球拍', '紅黑', 'spec12.jpeg', 'active'),
(46, 34, 2, 1, 2200, '標準七號籃球', '橘', 'spec02.jpeg', 'active'),
(47, 35, 18, 1, 750, '輕巧TPE材質瑜珈墊', '黑', 'spec18.jpeg', 'active'),
(48, 35, 20, 2, 2200, '少年軟式棒球棒', '藍', 'spec20.jpeg', 'active'),
(111, 36, 23, 1, 3550, '訓練跑步鞋', '冰藍色', 'spec23.jpeg', 'active'),
(112, 36, 24, 1, 3550, '訓練跑步鞋', '熔岩紅', 'spec23.jpeg', 'active'),
(113, 37, 25, 1, 1580, '標準籃球', '七號標準球', 'spec25.jpeg', 'active'),
(114, 38, 33, 2, 450, '兒童飛盤', '海洋藍款', 'spec33.jpeg', 'active'),
(115, 39, 29, 1, 3250, '強力網球拍', '星空藍', 'spec29.jpeg', 'active'),
(116, 39, 30, 1, 1950, '快攻桌球拍', '經典紅木', 'spec30.jpeg', 'active'),
(117, 40, 31, 1, 1480, '牛皮棒球手套', '焦糖棕', 'spec31.jpeg', 'active'),
(118, 41, 28, 1, 4400, '五號訓練足球', '五號比賽球', 'spec28.jpeg', 'active'),
(119, 42, 32, 1, 1080, '敏捷梯', '活力黃', 'spec32.jpeg', 'active'),
(120, 42, 35, 1, 880, '防霧泳鏡', '黑', 'spec35.jpeg', 'active'),
(121, 43, 36, 1, 5150, '立式沙包', '紅色加重', 'spec36.jpeg', 'active'),
(122, 44, 37, 2, 1900, '跆拳道腰帶', '黑帶一段', 'spec37.jpeg', 'active'),
(123, 45, 38, 1, 18000, '公路自行車', '碳纖黑', 'spec38.jpeg', 'active'),
(124, 45, 39, 1, 660, '排球護臂', '黑色透氣', 'spec39.jpeg', 'active'),
(125, 46, 40, 1, 2120, '伸縮登山杖', '銀灰色', 'spec40.jpeg', 'active'),
(126, 47, 41, 1, 1100, '訓練背心', '螢光綠', 'spec41.jpeg', 'active'),
(127, 48, 50, 1, 980, '兒童足球門', '便攜一對裝', 'spec50.jpeg', 'active'),
(128, 48, 51, 1, 490, '矽膠游泳帽', '黑', 'spec51.jpeg', 'active'),
(129, 49, 53, 1, 8800, '捕手護面', '鈦合金款', 'spec53.jpeg', 'active'),
(130, 50, 56, 3, 1200, '射箭靶紙', '5環', 'spec56.jpeg', 'active'),
(131, 51, 58, 1, 1120, '運動保溫水瓶', '活力紅色', 'spec58.jpeg', 'active'),
(132, 51, 59, 1, 480, '韻律體操球', '紫', 'spec59.jpeg', 'active'),
(133, 52, 61, 1, 1400, '劍道練習面罩', '標準練習型', 'spec61.jpeg', 'active'),
(134, 53, 63, 1, 3550, '兒童體操槓', '藍', 'spec63.jpeg', 'active'),
(135, 54, 65, 1, 2700, '高彈力壁球', '黑', 'spec65.jpeg', 'active'),
(136, 55, 67, 1, 5350, '經典運動短褲', '黑紅經典款', 'spec67.jpeg', 'active'),
(137, 56, 26, 1, 5500, '碳纖維羽球拍', '藍', 'spec26.jpeg', 'active'),
(138, 57, 49, 2, 560, '桌球拍清潔液', '清潔噴霧', 'spec49.jpeg', 'active'),
(139, 58, 60, 1, 2300, '兒童柔道練習服', '經典白色', 'spec60.jpeg', 'active'),
(140, 59, 66, 1, 3000, '空手道服', '全套護具', 'spec66.jpeg', 'active'),
(141, 60, 70, 1, 2500, '7號籃球', '紅米相間', 'spec70.jpeg', 'active'),
(142, 61, 23, 1, 3550, '訓練跑步鞋', '冰藍色', 'spec23.jpeg', 'active'),
(143, 61, 26, 1, 5500, '碳纖維羽球拍', '藍', 'spec26.jpeg', 'active'),
(144, 62, 25, 1, 1580, '標準籃球', '七號標準球', 'spec25.jpeg', 'active'),
(145, 63, 34, 1, 2520, '懸吊健身帶', '專業級黑色', 'spec34.jpeg', 'active'),
(146, 64, 29, 1, 3250, '強力網球拍', '星空藍', 'spec29.jpeg', 'active'),
(147, 64, 30, 2, 1950, '快攻桌球拍', '經典紅木', 'spec30.jpeg', 'active'),
(148, 65, 37, 1, 1900, '跆拳道腰帶', '黑帶一段', 'spec37.jpeg', 'active'),
(149, 66, 28, 1, 4400, '五號訓練足球', '五號比賽球', 'spec28.jpeg', 'active'),
(150, 67, 32, 1, 1080, '敏捷梯', '活力黃', 'spec32.jpeg', 'active'),
(151, 68, 35, 1, 880, '防霧泳鏡', '黑', 'spec35.jpeg', 'active'),
(152, 69, 36, 1, 5150, '立式沙包', '紅色加重', 'spec36.jpeg', 'active'),
(153, 70, 43, 1, 1480, '安全樂樂棒', '藍', 'spec43.jpeg', 'active'),
(154, 71, 44, 2, 4250, '羽球發射器', '進階型', 'spec44.jpeg', 'active'),
(155, 72, 46, 1, 6900, '可調式啞鈴', '25公斤組', 'spec46.jpeg', 'active'),
(156, 73, 47, 1, 1600, '軟木瑜珈磚', '原木色', 'spec47.jpeg', 'active'),
(157, 74, 50, 3, 980, '兒童足球門', '便攜一對裝', 'spec50.jpeg', 'active'),
(158, 75, 51, 1, 490, '矽膠游泳帽', '黑', 'spec51.jpeg', 'active'),
(159, 76, 53, 1, 8800, '捕手護面', '鈦合金款', 'spec53.jpeg', 'active'),
(160, 77, 58, 2, 1120, '運動保溫水瓶', '活力紅色', 'spec58.jpeg', 'active'),
(161, 78, 62, 1, 1950, '太極練功服', '杏色', 'spec62.jpeg', 'active'),
(162, 79, 68, 1, 4200, '機能緊身跑步褲', '黑', 'spec68.jpeg', 'active'),
(163, 80, 69, 1, 4650, '馬拉松專用襪', '黑紫', 'spec69.jpeg', 'active'),
(164, 81, 72, 1, 3500, '成人羽球拍', '灰', 'spec72.jpeg', 'active'),
(165, 82, 72, 1, 3500, '成人羽球拍', '灰', 'spec72.jpeg', 'active'),
(166, 83, 55, 1, 620, '攀岩鎂粉', '岩石灰袋', 'spec55.jpeg', 'active'),
(167, 84, 57, 1, 750, '皮拉提斯阻力圈', '黑', 'spec57.jpeg', 'active'),
(168, 85, 27, 1, 1620, '防滑瑜珈墊', '抹茶綠', 'spec27.jpeg', 'active'),
(169, 86, 40, 2, 2120, '伸縮登山杖', '銀灰色', 'spec40.jpeg', 'active'),
(170, 87, 45, 1, 520, '舞蹈練習鞋', '黑', 'spec45.jpeg', 'active'),
(171, 88, 61, 1, 1400, '劍道練習面罩', '標準練習型', 'spec61.jpeg', 'active'),
(172, 89, 64, 1, 3780, '飛輪健身單車', '碳纖黑色', 'spec64.jpeg', 'active'),
(173, 90, 70, 1, 2500, '7號籃球', '紅米相間', 'spec70.jpeg', 'active'),
(174, 91, 31, 1, 1480, '牛皮棒球手套', '焦糖棕', 'spec31.jpeg', 'active'),
(175, 92, 39, 1, 660, '排球護臂', '黑色透氣', 'spec39.jpeg', 'active'),
(176, 93, 42, 2, 1950, '守門員手套', '專業9號', 'spec42.jpeg', 'active'),
(177, 94, 54, 1, 3400, '高爾夫打擊網', '黑', 'spec54.jpeg', 'active'),
(178, 95, 56, 1, 1200, '射箭靶紙', '5環', 'spec56.jpeg', 'active'),
(179, 96, 59, 1, 480, '韻律體操球', '紫', 'spec59.jpeg', 'active'),
(180, 97, 63, 1, 3550, '兒童體操槓', '藍', 'spec63.jpeg', 'active'),
(181, 98, 67, 1, 5350, '經典運動短褲', '黑紅經典款', 'spec67.jpeg', 'active'),
(182, 99, 24, 1, 3550, '訓練跑步鞋', '熔岩紅', 'spec23.jpeg', 'active'),
(183, 100, 45, 1, 520, '舞蹈練習鞋', '黑', 'spec45.jpeg', 'active');

CREATE TABLE `products` (
  `product_id` int NOT NULL,
  `name` varchar(50) NOT NULL,
  `brand_id` int NOT NULL,
  `sport_id` int NOT NULL,
  `created` datetime DEFAULT CURRENT_TIMESTAMP
) ENGINE=InnoDB DEFAULT CHARSET=utf8mb4 COLLATE=utf8mb4_0900_ai_ci;

INSERT INTO `products` (`product_id`, `name`, `brand_id`, `sport_id`, `created`) VALUES
(1, '極限飛馳籃球鞋', 1, 1, '2025-05-20 20:53:29'),
(2, '標準七號籃球', 9, 1, '2025-05-20 20:53:29'),
(3, '疾速之星足球', 2, 27, '2025-05-20 20:53:29'),
(4, '專業訓練五號足球', 10, 27, '2025-05-20 20:53:29'),
(5, '金手套捕手手套', 5, 28, '2025-05-20 20:53:29'),
(6, '強打少年鋁合金球棒', 8, 28, '2025-05-20 20:53:29'),
(7, '碳纖維進階網球拍', 8, 4, '2025-05-20 20:53:29'),
(8, '訓練級網球', 13, 4, '2025-05-20 20:53:29'),
(9, '攻擊型碳素羽球拍', 7, 2, '2025-05-20 20:53:29'),
(10, '比賽級鵝毛羽球', 18, 2, '2025-05-20 20:53:29'),
(11, '奧運競賽標準排球', 10, 5, '2025-05-20 20:53:29'),
(12, '五星級成品桌球拍', 17, 3, '2025-05-20 20:53:29'),
(13, '三星訓練桌球', 17, 3, '2025-05-20 20:53:29'),
(14, '專業格鬥拳擊手套', 20, 19, '2025-05-20 20:53:29'),
(15, '2KG啞鈴組', 13, 17, '2025-05-20 20:53:29'),
(16, '專業硬舉訓練鞋', 1, 17, '2025-05-20 20:53:29'),
(17, '環保無毒TPE瑜珈墊', 13, 12, '2025-05-20 20:53:29'),
(18, '輕巧TPE材質瑜珈墊', 13, 12, '2025-05-20 20:53:29'),
(19, '比賽訓練足球', 3, 27, '2025-05-20 20:53:29'),
(20, '少年軟式棒球棒', 5, 28, '2025-05-20 20:53:29'),
(21, '專用訓練排球五號排球', 5, 5, '2025-05-20 20:53:29'),
(22, '桌球拍組', 17, 3, '2025-05-20 20:53:29'),
(23, '訓練跑步鞋', 6, 17, '2025-05-24 14:35:22'),
(24, '標準籃球', 9, 1, '2025-05-24 14:35:22'),
(25, '碳纖維羽球拍', 7, 2, '2025-05-24 14:35:22'),
(26, '防滑瑜珈墊', 23, 12, '2025-05-24 14:35:22'),
(27, '五號訓練足球', 9, 27, '2025-05-24 14:35:22'),
(28, '強力網球拍', 8, 4, '2025-05-24 14:35:22'),
(29, '快攻桌球拍', 17, 3, '2025-05-24 14:35:22'),
(30, '牛皮棒球手套', 5, 28, '2025-05-24 14:35:22'),
(31, '敏捷梯', 13, 7, '2025-05-24 14:35:22'),
(32, '兒童飛盤', 13, 26, '2025-05-24 14:35:22'),
(33, '懸吊健身帶', 15, 15, '2025-05-24 14:35:22'),
(34, '防霧泳鏡', 13, 6, '2025-05-24 14:35:22'),
(35, '立式沙包', 20, 19, '2025-05-24 14:35:22'),
(36, '跆拳道腰帶', 13, 20, '2025-05-24 14:35:22'),
(37, '公路自行車', 19, 17, '2025-05-24 14:35:22'),
(38, '排球護臂', 10, 5, '2025-05-24 14:35:22'),
(39, '伸縮登山杖', 21, 17, '2025-05-24 14:35:22'),
(40, '訓練背心', 16, 1, '2025-05-24 14:35:22'),
(41, '守門員手套', 4, 27, '2025-05-24 14:35:22'),
(42, '安全樂樂棒', 13, 28, '2025-05-24 14:35:22'),
(43, '羽球發射器', 18, 2, '2025-05-24 14:35:22'),
(44, '舞蹈練習鞋', 13, 18, '2025-05-24 14:35:22'),
(45, '可調式啞鈴', 13, 17, '2025-05-24 14:35:22'),
(46, '軟木瑜珈磚', 23, 12, '2025-05-24 14:35:22'),
(47, '運動頭帶', 13, 4, '2025-05-24 14:35:22'),
(48, '桌球拍清潔液', 17, 3, '2025-05-24 14:35:22'),
(49, '兒童足球門', 13, 27, '2025-05-24 14:35:22'),
(50, '矽膠游泳帽', 13, 6, '2025-05-24 14:35:22'),
(51, '運動長襪', 1, 1, '2025-05-24 14:35:22'),
(52, '捕手護面', 5, 28, '2025-05-24 14:35:22'),
(53, '高爾夫打擊網', 11, 17, '2025-05-24 14:35:22'),
(54, '攀岩鎂粉', 13, 10, '2025-05-24 14:35:22'),
(55, '射箭靶紙', 13, 11, '2025-05-24 14:35:22'),
(56, '皮拉提斯阻力圈', 13, 13, '2025-05-24 14:35:22'),
(57, '運動保溫水瓶', 23, 14, '2025-05-24 14:35:22'),
(58, '韻律體操球', 13, 16, '2025-05-24 14:35:22'),
(59, '兒童柔道練習服', 2, 22, '2025-05-24 14:35:22'),
(60, '劍道練習面罩', 13, 23, '2025-05-24 14:35:22'),
(61, '太極練功服', 14, 24, '2025-05-24 14:35:22'),
(62, '兒童體操槓', 13, 25, '2025-05-24 14:35:22'),
(63, '飛輪健身單車', 6, 8, '2025-05-24 14:35:22'),
(64, '高彈力壁球', 8, 9, '2025-05-24 14:35:22'),
(65, '空手道服', 20, 21, '2025-05-24 14:35:22'),
(66, '經典運動短褲', 2, 1, '2025-05-24 14:35:22'),
(67, '機能緊身跑步褲', 3, 17, '2025-05-24 14:35:22'),
(68, '馬拉松專用襪', 6, 17, '2025-05-24 14:35:22'),
(69, '7號籃球', 10, 1, '2025-05-24 14:35:22'),
(70, '羽球(一桶12入)', 18, 2, '2025-05-24 14:35:22'),
(71, '成人羽球拍', 7, 2, '2025-05-24 14:35:22'),
(72, '高級排球網', 22, 5, '2025-05-25 13:20:08');

CREATE TABLE `specs` (
  `spec_id` int NOT NULL,
  `product_id` int NOT NULL,
  `price` int NOT NULL,
  `color` varchar(50) NOT NULL,
  `stock` int NOT NULL,
  `material` varchar(50) DEFAULT NULL,
  `size` varchar(50) DEFAULT NULL,
  `weight` int DEFAULT NULL,
  `origin` varchar(50) DEFAULT NULL,
  `created` datetime DEFAULT CURRENT_TIMESTAMP,
  `updated` datetime DEFAULT CURRENT_TIMESTAMP ON UPDATE CURRENT_TIMESTAMP
) ENGINE=InnoDB DEFAULT CHARSET=utf8mb4 COLLATE=utf8mb4_0900_ai_ci;

INSERT INTO `specs` (`spec_id`, `product_id`, `price`, `color`, `stock`, `material`, `size`, `weight`, `origin`, `created`, `updated`) VALUES
(1, 1, 3800, '咖啡', 50, '透氣網布與耐磨橡膠', '27', 380, '越南', '2025-05-20 20:53:29', '2025-05-20 20:53:29'),
(2, 2, 2200, '橘', 100, '高級合成皮革', '24', 600, '泰國', '2025-05-20 20:53:29', '2025-05-20 20:53:29'),
(3, 3, 4500, '橘白', 40, '輕量化合成革', '26', 420, '印尼', '2025-05-20 20:53:29', '2025-05-20 20:53:29'),
(4, 4, 980, '彩色', 120, '耐磨PU材質', '22', 430, '巴基斯坦', '2025-05-20 20:53:29', '2025-05-20 20:53:29'),
(5, 5, 7500, '原色', 20, '頂級牛皮', '30', 650, '日本', '2025-05-20 20:53:29', '2025-05-20 20:53:29'),
(6, 6, 3200, '藍白', 35, '高強度鋁合金', '81', 750, '美國', '2025-05-20 20:53:29', '2025-05-20 20:53:29'),
(7, 7, 6800, '紅', 25, '碳纖維複合材料', '68', 295, '中國', '2025-05-20 20:53:29', '2025-05-20 20:53:29'),
(8, 8, 250, '黃', 200, '高彈性毛氈與橡膠', '7', 58, '台灣', '2025-05-20 20:53:29', '2025-05-20 20:53:29'),
(9, 9, 5500, '黑黃', 30, '高剛性碳纖維', '67', 83, '日本', '2025-05-20 20:53:29', '2025-05-20 20:53:29'),
(10, 10, 750, '白', 150, '天然鵝毛', '8', 60, '中國', '2025-05-20 20:53:29', '2025-05-20 20:53:29'),
(11, 11, 2000, '三色', 70, '超細纖維PU皮', '21', 270, '泰國', '2025-05-20 20:53:29', '2025-05-20 20:53:29'),
(12, 12, 1800, '紅黑', 50, '純木底板與進口膠皮', '15x16', 185, '日本', '2025-05-20 20:53:29', '2025-05-20 20:53:29'),
(13, 13, 300, '橘', 100, 'ABS新材料', '4', 3, '中國', '2025-05-20 20:53:29', '2025-05-20 20:53:29'),
(14, 14, 1200, '紅', 60, '強化PU皮革', '28', 340, '巴基斯坦', '2025-05-20 20:53:29', '2025-05-20 20:53:29'),
(15, 15, 800, '藍', 50, '鑄鐵與強化塑膠', '35', 2000, '中國', '2025-05-20 20:53:29', '2025-05-20 20:53:29'),
(16, 16, 3200, '黑', 30, '合成皮革與高密度鞋底', '27', 450, '越南', '2025-05-20 20:53:29', '2025-05-20 20:53:29'),
(17, 17, 900, '藏青', 40, 'TPE環保材質', '183*61', 950, '台灣', '2025-05-20 20:53:29', '2025-05-25 09:18:39'),
(18, 18, 750, '黑', 100, 'TPE環保材質', '183*61', 850, '中國', '2025-05-20 20:53:29', '2025-05-20 20:53:29'),
(19, 19, 1500, '紅白', 40, '乳膠與PU', '28', 380, '德國', '2025-05-20 20:53:29', '2025-05-20 20:53:29'),
(20, 20, 2200, '藍', 30, '輕量化鋁合金', '57', 450, '台灣', '2025-05-20 20:53:29', '2025-05-20 20:53:29'),
(21, 21, 650, '黃藍', 70, 'EVA與彈性布料', '25', 230, '中國', '2025-05-20 20:53:29', '2025-05-20 20:53:29'),
(22, 22, 700, '紅黑白', 90, '五層純木底板與入門級反膠', '24*16', 175, '日本', '2025-05-20 20:53:29', '2025-05-20 20:53:29'),
(23, 23, 3550, '冰藍色', 52, '透氣網布', '265', 272, '越南', '2025-05-24 14:35:22', '2025-05-24 14:35:22'),
(24, 23, 3550, '熔岩紅', 46, '透氣網布', '275', 278, '越南', '2025-05-24 14:35:22', '2025-05-24 14:35:22'),
(25, 24, 1580, '七號標準球', 68, 'PU合成皮', '24.5', 622, '泰國', '2025-05-24 14:35:22', '2025-05-24 14:35:22'),
(26, 25, 5500, '藍', 23, '高彈性碳纖維', '83', 84, '日本', '2025-05-24 14:35:22', '2025-05-24 23:21:05'),
(27, 26, 1620, '抹茶綠', 60, '天然TPE', '183*66*0.6', 1300, '台灣', '2025-05-24 14:35:22', '2025-05-24 14:35:22'),
(28, 27, 4400, '五號比賽球', 28, '熱塑性聚氨酯', '22', 430, '印尼', '2025-05-24 14:35:22', '2025-05-24 14:35:22'),
(29, 28, 3250, '星空藍', 16, '碳纖維複合材料', '100', 305, '中國', '2025-05-24 14:35:22', '2025-05-24 14:35:22'),
(30, 29, 1950, '經典紅木', 20, '檜木夾層', '157*150', 86, '瑞典', '2025-05-24 14:35:22', '2025-05-24 14:35:22'),
(31, 30, 1480, '焦糖棕', 41, '頭層牛皮', '12.5', 698, '巴基斯坦', '2025-05-24 14:35:22', '2025-05-24 14:35:22'),
(32, 31, 1080, '活力黃', 29, '尼龍織帶', '600*50', 770, '中國', '2025-05-24 14:35:22', '2025-05-24 14:35:22'),
(33, 32, 450, '海洋藍款', 90, 'EVA軟性塑料', '26', 126, '台灣', '2025-05-24 14:35:22', '2025-05-24 14:35:22'),
(34, 33, 2520, '專業級黑色', 16, '高強度尼龍', '300', 1730, '美國', '2025-05-24 14:35:22', '2025-05-24 14:35:22'),
(35, 34, 880, '黑', 49, '矽膠與PC', '1', 91, '中國', '2025-05-24 14:35:22', '2025-05-24 23:36:30'),
(36, 35, 5150, '紅色加重', 5, '強化PU', '160*35', 38800, '泰國', '2025-05-24 14:35:22', '2025-05-24 14:35:22'),
(37, 36, 1900, '黑帶一段', 25, '純棉帆布', '260', 212, '韓國', '2025-05-24 14:35:22', '2025-05-24 14:35:22'),
(38, 37, 18000, '碳纖黑', 2, 'T1100碳纖維', '54', 8250, '台灣', '2025-05-24 14:35:22', '2025-05-24 14:35:22'),
(39, 38, 660, '黑色透氣', 55, '萊卡彈性布', '1', 127, '中國', '2025-05-24 14:35:22', '2025-05-24 14:35:22'),
(40, 39, 2120, '銀灰色', 22, '7075鋁合金', '135', 470, '中國', '2025-05-24 14:35:22', '2025-05-24 14:35:22'),
(41, 40, 1100, '螢光綠', 15, '速乾滌綸', '1', 181, '越南', '2025-05-24 14:35:22', '2025-05-25 09:19:08'),
(42, 41, 1950, '專業9號', 7, '德國乳膠', '9', 347, '巴基斯坦', '2025-05-24 14:35:22', '2025-05-24 14:35:22'),
(43, 42, 1480, '藍', 12, '安全EVA材質', '60', 1360, '台灣', '2025-05-24 14:35:22', '2025-05-24 23:50:01'),
(44, 43, 4250, '進階型', 4, 'ABS工程塑料', '60*40*50', 4510, '中國', '2025-05-24 14:35:22', '2025-05-24 14:35:22'),
(45, 44, 520, '黑', 40, '棉質帆布', '38', 42, '中國', '2025-05-24 14:35:22', '2025-05-24 23:53:09'),
(46, 45, 6900, '25公斤組', 6, '鑄鐵噴漆', '25', 25000, '中國', '2025-05-24 14:35:22', '2025-05-24 14:35:22'),
(47, 46, 1600, '原木色', 11, '葡萄牙軟木', '23*12*7.5', 872, '葡萄牙', '2025-05-24 14:35:22', '2025-05-24 14:35:22'),
(48, 47, 390, '深藍吸汗', 72, '棉毛圈布', '5*20', 28, '台灣', '2025-05-24 14:35:22', '2025-05-24 14:35:22'),
(49, 48, 560, '清潔噴霧', 26, '植物配方', '150', 226, '日本', '2025-05-24 14:35:22', '2025-05-24 14:35:22'),
(50, 49, 980, '便攜一對裝', 14, '強化尼龍網', '120*80', 1755, '中國', '2025-05-24 14:35:22', '2025-05-24 14:35:22'),
(51, 50, 490, '黑', 40, '流線型矽膠', '1', 44, '馬來西亞', '2025-05-24 14:35:22', '2025-05-25 09:08:32'),
(52, 51, 750, '藍白相間', 18, '運動棉', '25-27', 97, '台灣', '2025-05-24 14:35:22', '2025-05-24 14:35:22'),
(53, 52, 8800, '鈦合金款', 5, '輕量化鈦合金', '專業成人', 2110, '日本', '2025-05-24 14:35:22', '2025-05-24 14:35:22'),
(54, 53, 3400, '黑', 3, '高韌性纖維網', '300*200*150', 11650, '台灣', '2025-05-24 14:35:22', '2025-05-25 09:12:38'),
(55, 54, 620, '岩石灰袋', 29, '防撕裂牛津布', '2', 87, '越南', '2025-05-24 14:35:22', '2025-05-24 14:35:22'),
(56, 55, 1200, '5環', 4, '碳纖維', '12支78', 382, '中國', '2025-05-24 14:35:22', '2025-05-25 09:16:05'),
(57, 56, 750, '黑', 16, '環保TPE', '33', 317, '台灣', '2025-05-24 14:35:22', '2025-05-25 09:22:21'),
(58, 57, 1120, '活力紅色', 11, '高強度PP塑膠', '78*29*20', 3240, '中國', '2025-05-24 14:35:22', '2025-05-24 14:35:22'),
(59, 58, 480, '紫', 32, '高級絲綢', '600', 128, '中國', '2025-05-24 14:35:22', '2025-05-25 09:25:08'),
(60, 59, 2300, '經典白色', 9, '雙層加厚純棉', '170', 2010, '巴基斯坦', '2025-05-24 14:35:22', '2025-05-24 14:35:22'),
(61, 60, 1400, '標準練習型', 5, '碳化桂竹', '39', 493, '台灣', '2025-05-24 14:35:22', '2025-05-24 14:35:22'),
(62, 61, 1950, '杏色', 3, '仿真絲', '1', 612, '中國杭州', '2025-05-24 14:35:22', '2025-05-25 09:31:13'),
(63, 62, 3550, '藍', 7, '鎂合金', '88-130', 63500, '中國', '2025-05-24 14:35:22', '2025-05-25 09:34:51'),
(64, 63, 3780, '碳纖黑色', 6, '碳纖維複合底', '41', 231, '義大利', '2025-05-24 14:35:22', '2025-05-24 14:35:22'),
(65, 64, 2700, '黑', 4, '合成橡膠', '40', 25, '馬來西亞', '2025-05-24 14:35:22', '2025-05-25 09:40:59'),
(66, 65, 3000, '全套護具', 2, '吸震EVA材質', '白', 1620, '韓國', '2025-05-24 14:35:22', '2025-05-25 09:42:52'),
(67, 66, 5350, '黑紅經典款', 20, '皮革與氣墊科技', '45', 463, '印尼', '2025-05-24 14:35:22', '2025-05-24 14:35:22'),
(68, 67, 4200, '黑', 12, '工程網布', '245', 357, '越南', '2025-05-24 14:35:22', '2025-05-25 09:45:52'),
(69, 68, 4650, '黑紫', 19, 'GEL亞瑟膠', '260', 297, '日本', '2025-05-24 14:35:22', '2025-05-25 09:47:01'),
(70, 69, 2500, '紅米相間', 14, '合成皮', '24.5', 600, '中國', '2025-05-24 14:35:22', '2025-05-25 09:50:12'),
(71, 70, 500, '白', 18, '羽毛', '7', 6, '越南', '2025-05-24 14:35:22', '2025-05-25 10:52:25'),
(72, 71, 3500, '灰', 10, '碳拍', '100', 85, '台灣', '2025-05-24 14:35:22', '2025-05-25 10:55:28'),
(73, 72, 2000, '黑', 10, 'PE扭繩', '950*100', 280, '台灣', '2025-05-25 13:20:08', '2025-05-25 13:20:08'),
(74, 2, 2200, '棕', 50, '高級合成皮革', '24', 600, '泰國', '2025-05-25 20:27:22', '2025-05-25 20:27:22');


ALTER TABLE `brands`
  ADD PRIMARY KEY (`brand_id`);

ALTER TABLE `images`
  ADD PRIMARY KEY (`image_id`),
  ADD KEY `product_id` (`product_id`);

ALTER TABLE `orders`
  ADD PRIMARY KEY (`order_id`),
  ADD KEY `member_id` (`member_id`);

ALTER TABLE `order_items`
  ADD PRIMARY KEY (`item_id`),
  ADD KEY `order_id` (`order_id`),
  ADD KEY `spec_id` (`spec_id`);

ALTER TABLE `products`
  ADD PRIMARY KEY (`product_id`),
  ADD KEY `sport_id` (`sport_id`),
  ADD KEY `brand_id` (`brand_id`);

ALTER TABLE `specs`
  ADD PRIMARY KEY (`spec_id`),
  ADD KEY `product_id` (`product_id`);


ALTER TABLE `brands`
  MODIFY `brand_id` int NOT NULL AUTO_INCREMENT, AUTO_INCREMENT=25;

ALTER TABLE `images`
  MODIFY `image_id` int NOT NULL AUTO_INCREMENT, AUTO_INCREMENT=75;

ALTER TABLE `orders`
  MODIFY `order_id` int NOT NULL AUTO_INCREMENT, AUTO_INCREMENT=101;

ALTER TABLE `order_items`
  MODIFY `item_id` int NOT NULL AUTO_INCREMENT, AUTO_INCREMENT=184;

ALTER TABLE `products`
  MODIFY `product_id` int NOT NULL AUTO_INCREMENT, AUTO_INCREMENT=73;

ALTER TABLE `specs`
  MODIFY `spec_id` int NOT NULL AUTO_INCREMENT, AUTO_INCREMENT=75;


ALTER TABLE `images`
  ADD CONSTRAINT `images_ibfk_1` FOREIGN KEY (`product_id`) REFERENCES `products` (`product_id`);

ALTER TABLE `orders`
  ADD CONSTRAINT `orders_ibfk_1` FOREIGN KEY (`member_id`) REFERENCES `members` (`id`);

ALTER TABLE `order_items`
  ADD CONSTRAINT `order_items_ibfk_1` FOREIGN KEY (`order_id`) REFERENCES `orders` (`order_id`);

ALTER TABLE `products`
  ADD CONSTRAINT `products_ibfk_1` FOREIGN KEY (`sport_id`) REFERENCES `sports` (`id`),
  ADD CONSTRAINT `products_ibfk_2` FOREIGN KEY (`brand_id`) REFERENCES `brands` (`brand_id`);

ALTER TABLE `specs`
  ADD CONSTRAINT `specs_ibfk_1` FOREIGN KEY (`product_id`) REFERENCES `products` (`product_id`);
